2,88,172,6978017,5495796,186524.15,1671724115000,1666397331000,400001,rechazado,emitido
3,64,78,772823,3929533,388079.88,1690724658000,1673980413000,400002,rechazado,emitido
4,35,194,3018692,1500505,66233.4,1666940548000,1664512177000,400003,rechazado,emitido
5,8,186,2388618,2842271,403774.74,1676221358000,1667206262000,400004,pendiente,emitido
6,89,50,5318300,1332315,357899.94,1667279339000,1676736108000,400005,rechazado,depositado
7,92,201,6975797,7220719,163006.59,1687179352000,1673250953000,400006,aprobado,emitido
8,50,60,52759,6652467,445307.58,1668918884000,1671538557000,400007,pendiente,emitido
9,27,229,5861084,3760545,346407.01,1672562097000,1691672763000,400008,pendiente,emitido
10,91,100,1941178,6324583,378217.73,1670618934000,1694809416000,400009,rechazado,depositado
11,46,101,5927325,2145900,71527.23,1693589825000,1669223657000,400010,aprobado,depositado
12,18,259,2794252,2734474,64617.02,1683437137000,1674964736000,400011,pendiente,depositado
13,50,282,7404945,1226830,491633.07,1683006254000,1683656632000,400012,aprobado,depositado
14,58,63,6051165,4830101,420587.26,1677192744000,1677889561000,400013,pendiente,depositado
15,60,134,7613548,191705,81792.93,1670268317000,1673859929000,400014,pendiente,depositado
16,59,93,4910245,2084901,359963.48,1686105942000,1679036977000,400015,pendiente,depositado
17,85,50,466682,4704650,255041.42,1695017907000,1667719573000,400016,aprobado,depositado
18,4,27,6668616,1912185,361957.97,1693798800000,1687584537000,400017,aprobado,emitido
19,86,162,305739,6851624,392868.22,1676619371000,1679291246000,400018,pendiente,depositado
20,7,275,2098771,3240217,350591.75,1671592166000,1689345807000,400019,rechazado,emitido
21,16,37,6620219,1001523,235290.46,1686325971000,1675562535000,400020,pendiente,emitido
22,23,57,2574666,3551771,101871.51,1665143865000,1673010661000,400021,pendiente,emitido
23,54,199,216614,3930453,68869.63,1671585950000,1682508149000,400022,aprobado,emitido
24,43,230,3754465,2725434,228025.64,1675257328000,1682688922000,400023,rechazado,depositado
25,87,73,4191422,758858,178493.34,1669294536000,1677727243000,400024,pendiente,depositado
26,17,21,4514113,3202211,177517.08,1691835086000,1675993300000,400025,aprobado,depositado
27,43,62,7912907,7108067,28678.36,1684220033000,1691870240000,400026,pendiente,depositado
28,84,153,1186157,2109221,48563.34,1672208157000,1685531663000,400027,aprobado,depositado
29,5,235,2938307,4369761,467057.73,1684972533000,1678618651000,400028,aprobado,depositado
30,94,78,5777586,5775469,445409.25,1669552889000,1665072361000,400029,pendiente,depositado
31,80,190,4914178,3008659,107374.13,1691734323000,1693837200000,400030,rechazado,depositado
32,30,207,6673161,138908,101661.98,1671383611000,1669677513000,400031,aprobado,depositado
33,40,5,6866999,1238090,343512.41,1675052849000,1680350189000,400032,aprobado,depositado
34,90,194,3164337,7445297,369173.56,1664093792000,1687330115000,400033,rechazado,depositado
35,57,32,1561499,7629156,161659.64,1674976383000,1685186585000,400034,rechazado,depositado
36,81,46,6194527,3075957,326345.45,1677229383000,1674028911000,400035,pendiente,emitido
37,40,142,2013284,4388864,389600.75,1689415031000,1668435902000,400036,pendiente,depositado
38,74,1,2250999,3253751,277212.36,1678115118000,1685302824000,400037,pendiente,emitido
39,97,8,61766,5787659,155341.2,1669851369000,1679811857000,400038,pendiente,depositado
40,82,10,5243664,7255661,162685.38,1678565390000,1695460279000,400039,aprobado,depositado
41,85,90,5675293,7414685,414338.66,1695351278000,1685324596000,400040,rechazado,emitido
42,93,91,7976606,6179015,179327.03,1679844019000,1684133364000,400041,pendiente,depositado
43,63,46,2797715,5726208,256055.03,1694399058000,1692281389000,400042,pendiente,depositado
44,22,85,4436138,6398345,265471.66,1664438872000,1672609589000,400043,aprobado,depositado
45,78,291,3758129,5741675,402435.3,1669693900000,1669905196000,400044,rechazado,depositado
46,55,98,3152324,7986772,154830.93,1675265776000,1676082730000,400045,rechazado,emitido
47,21,14,140982,1149951,24721.4,1668566294000,1680205108000,400046,aprobado,emitido
48,9,277,7368718,2454089,396486.23,1676116005000,1666543445000,400047,rechazado,depositado
49,52,10,1721169,5260894,234729.25,1666186658000,1664475245000,400048,pendiente,depositado
50,37,51,1161984,5499917,382600.62,1691796211000,1672132150000,400049,pendiente,emitido
51,40,211,4765855,3943040,13914.97,1680103209000,1679725597000,400050,aprobado,depositado
52,92,253,2473301,3680649,194627.17,1671556552000,1679518761000,400051,aprobado,emitido
53,77,89,3710759,4541050,216460.28,1671118416000,1684584019000,400052,pendiente,depositado
54,43,170,4532770,3299664,265868.52,1686221732000,1672139987000,400053,rechazado,depositado
55,4,13,7124350,147836,451188.39,1670009976000,1692444760000,400054,rechazado,emitido
56,33,5,7102111,2373401,17703.4,1678349457000,1687198642000,400055,rechazado,depositado
57,88,52,6350791,7692361,69553.11,1671288736000,1675702313000,400056,rechazado,depositado
58,61,27,1376154,7001802,329328.82,1694118901000,1682011333000,400057,aprobado,depositado
59,78,222,2708235,3808812,71704.6,1687544606000,1687957236000,400058,pendiente,emitido
60,70,11,4641048,4479844,419267.66,1677440397000,1688965837000,400059,pendiente,emitido
61,70,172,1379320,1831074,379036.54,1682429926000,1679234703000,400060,pendiente,emitido
62,77,162,1544750,549348,378827.06,1674118285000,1665790238000,400061,aprobado,depositado
63,79,269,546934,3079668,295933.84,1695099775000,1690679363000,400062,pendiente,depositado
64,35,252,3707477,6766666,238457.09,1671177223000,1671900393000,400063,aprobado,emitido
65,43,18,1915037,6864749,464488.51,1684421795000,1681605321000,400064,aprobado,emitido
66,56,212,7570326,3957183,43326.23,1688228172000,1689578944000,400065,rechazado,emitido
67,61,34,3188236,6478420,471588.33,1680162004000,1684047015000,400066,pendiente,depositado
68,69,65,6856208,274695,267038.72,1688593559000,1689647677000,400067,rechazado,emitido
69,32,133,3174890,197210,178935.18,1664330227000,1684263187000,400068,aprobado,depositado
70,25,29,2873713,5554684,214622.01,1677977719000,1684814821000,400069,aprobado,emitido
71,18,283,970398,5128748,67059.91,1685527242000,1680063843000,400070,rechazado,depositado
72,90,193,5860132,1464678,160323.27,1691166331000,1693924811000,400071,pendiente,depositado
73,70,63,6848187,2463588,23794.77,1677163160000,1664150719000,400072,aprobado,depositado
74,42,55,3485825,5509510,181956.45,1689593595000,1665932163000,400073,aprobado,depositado
75,8,159,2185240,1555737,320985.56,1665308281000,1670161614000,400074,rechazado,emitido
76,96,291,7099565,3335247,34014.13,1674396467000,1689412511000,400075,aprobado,depositado
77,72,152,2603320,2179883,14365.84,1684468751000,1684058888000,400076,aprobado,depositado
78,82,227,2991679,6489708,441231.16,1667170651000,1695546031000,400077,rechazado,depositado
79,36,181,2813020,468018,74954.88,1664918215000,1695421658000,400078,rechazado,emitido
80,80,94,6127108,181657,172478.27,1689795772000,1673153228000,400079,aprobado,emitido
81,6,60,4464751,2068790,283594.44,1693783076000,1668172659000,400080,pendiente,depositado
82,27,183,2269854,5303825,305591.63,1672198628000,1665691522000,400081,pendiente,depositado
83,67,38,6035801,2293295,187391.17,1672797814000,1666260396000,400082,rechazado,depositado
84,86,214,4836596,6062128,52212.02,1668485797000,1682539596000,400083,pendiente,emitido
85,46,152,832715,7853957,169517.38,1667679825000,1683315668000,400084,aprobado,emitido
86,56,229,5177598,2540271,7695.53,1679849788000,1679538002000,400085,aprobado,emitido
87,41,209,3720017,2757053,484021.37,1664498163000,1680832068000,400086,aprobado,depositado
88,31,242,5268446,543201,355817.87,1665333169000,1691473866000,400087,pendiente,emitido
89,82,290,235159,4111346,29511.01,1672861225000,1686944763000,400088,aprobado,depositado
90,13,191,3179877,3095601,490754.81,1680469023000,1676263699000,400089,aprobado,depositado
91,81,1,7730785,3295579,303356.02,1671292925000,1679799225000,400090,pendiente,depositado
92,84,127,3096680,7983952,324891.53,1686629984000,1690488978000,400091,pendiente,depositado
93,80,138,5588585,1986495,265736.28,1695191784000,1682182382000,400092,pendiente,emitido
94,31,159,714444,2466970,175369.51,1665764635000,1671679067000,400093,pendiente,emitido
95,83,292,1489801,2718577,245085.81,1682953176000,1667161085000,400094,rechazado,depositado
96,44,109,868461,3631241,110643.48,1686356506000,1677239575000,400095,rechazado,depositado
97,66,102,3477193,1870545,242159.48,1690413932000,1671148463000,400096,rechazado,emitido
98,32,256,1152464,5960845,220915.93,1669705164000,1687715619000,400097,pendiente,depositado
99,37,248,5737734,2765830,90334.49,1664468409000,1690067183000,400098,rechazado,emitido
100,45,70,5540550,5120821,218179.71,1680647724000,1695325622000,400099,aprobado,depositado
101,100,267,5021396,1765485,26058.34,1686885840000,1673439419000,400100,rechazado,emitido
102,47,283,163348,7394946,475132.86,1693592361000,1689971966000,400101,pendiente,depositado
103,46,21,988940,4833227,378510.18,1671953811000,1681166932000,400102,rechazado,depositado
104,100,259,7117497,4009480,123890.77,1677122830000,1672303086000,400103,rechazado,emitido
105,25,253,4726795,685289,238614.4,1664405316000,1678678840000,400104,aprobado,emitido
106,34,86,156943,6242519,332675.77,1669501616000,1672900311000,400105,rechazado,emitido
107,72,106,1781332,7953754,98110.25,1676268315000,1688304521000,400106,rechazado,depositado
108,46,188,4917043,261876,496466.83,1666659130000,1683007146000,400107,aprobado,depositado
109,77,183,6937705,2717229,70945.53,1671986671000,1693825970000,400108,aprobado,emitido
110,70,210,5929302,3668146,132116.91,1686270236000,1678723601000,400109,pendiente,emitido
111,52,67,1465264,3727640,408160.23,1680796746000,1687170701000,400110,rechazado,depositado
112,38,160,4726206,3599849,171314.87,1685160525000,1672728211000,400111,pendiente,emitido
113,56,33,4031556,21700,267587.69,1695570795000,1672081565000,400112,aprobado,depositado
114,40,267,3554376,3004750,447278.08,1687101707000,1664264169000,400113,rechazado,depositado
115,29,146,572837,2457071,361633.53,1667975115000,1678859887000,400114,rechazado,depositado
116,18,237,2570451,4403377,355367.39,1673003865000,1693785132000,400115,aprobado,emitido
117,70,193,4372842,4002023,151304.03,1695583745000,1691633913000,400116,rechazado,depositado
118,15,264,6640706,4163486,196241.68,1671837288000,1675864456000,400117,aprobado,emitido
119,78,117,5999516,7415657,353722.56,1672608563000,1679690413000,400118,aprobado,depositado
120,55,219,5871894,3523230,48996.03,1687320781000,1688621408000,400119,pendiente,emitido
121,32,299,101954,3608527,379346.96,1683852992000,1676033173000,400120,rechazado,emitido
122,76,51,4022586,6339172,257313.65,1687591518000,1669092936000,400121,pendiente,emitido
123,72,15,2032483,5923632,96461.21,1681893851000,1667824813000,400122,aprobado,emitido
124,36,131,3721512,521921,267520.03,1685313907000,1664354505000,400123,pendiente,emitido
125,50,228,1108436,6116275,479539.05,1681710154000,1680627423000,400124,aprobado,depositado
126,96,263,4579491,7536077,376216.88,1680740114000,1668299414000,400125,rechazado,depositado
127,90,36,2882037,4780736,59476.98,1682983670000,1687112653000,400126,pendiente,emitido
128,51,185,1170335,5248121,484025.36,1664561496000,1679109962000,400127,pendiente,depositado
129,98,281,2665363,2667877,288059.99,1689726343000,1676139715000,400128,pendiente,emitido
130,74,123,7770490,4242572,177094.76,1671146030000,1681889365000,400129,pendiente,emitido
131,62,250,4626202,6893993,306455.12,1669197022000,1687625111000,400130,aprobado,depositado
132,58,86,3719157,5102491,12656.79,1666584354000,1686617885000,400131,aprobado,emitido
133,27,49,7398052,3928781,108398.82,1673705626000,1690377188000,400132,aprobado,depositado
134,26,83,6785470,862498,166396.26,1666511217000,1685069235000,400133,aprobado,emitido
135,88,274,7362274,4128872,175291.53,1673510490000,1665167628000,400134,aprobado,emitido
136,70,161,3757172,5260239,8280.97,1695288823000,1686805482000,400135,rechazado,depositado
137,38,53,4585158,6057858,495871.91,1682191480000,1682805228000,400136,pendiente,emitido
138,47,131,2604671,4729908,170579.27,1673646304000,1670395359000,400137,aprobado,depositado
139,79,96,2920837,938295,233531.0,1686747216000,1694078735000,400138,aprobado,depositado
140,91,173,7526421,4878930,356243.13,1679225946000,1679990220000,400139,pendiente,emitido
141,62,155,3808863,3994458,494659.98,1693849887000,1681478497000,400140,rechazado,emitido
142,54,30,6255795,7657865,436743.61,1695410237000,1681090436000,400141,aprobado,emitido
143,27,258,7615964,4839398,259428.22,1689025138000,1685694596000,400142,rechazado,depositado
144,82,55,7893066,4963709,474823.98,1693181436000,1689988501000,400143,rechazado,depositado
145,10,237,7222629,912830,137107.39,1695096964000,1679636578000,400144,pendiente,emitido
146,79,300,2915087,1219619,282232.33,1691968021000,1667788802000,400145,aprobado,depositado
147,96,8,5270773,3053069,391157.67,1688445315000,1685302762000,400146,pendiente,emitido
148,98,76,6533989,2169477,113162.3,1691288675000,1667682203000,400147,rechazado,emitido
149,11,168,3256717,6849898,279463.64,1683345427000,1672982464000,400148,pendiente,depositado
150,84,174,523541,6196180,393240.38,1683533671000,1679996302000,400149,rechazado,depositado
151,90,123,5970225,1059241,397628.63,1670805905000,1685319737000,400150,aprobado,depositado
152,3,151,7689839,6034690,206678.81,1675455319000,1684437313000,400151,pendiente,emitido
153,77,119,2851466,4077824,490737.04,1691453345000,1682720196000,400152,pendiente,emitido
154,43,107,4527991,4260022,141082.2,1679864507000,1668085681000,400153,rechazado,depositado
155,75,97,4699463,595399,28349.98,1670653067000,1667071078000,400154,pendiente,depositado
156,57,208,6246106,3097564,24898.63,1694008321000,1670828205000,400155,pendiente,depositado
157,27,268,217541,7207270,461714.38,1692291088000,1692098529000,400156,aprobado,emitido
158,98,113,2640451,7214201,457657.78,1676946478000,1666542049000,400157,rechazado,depositado
159,17,196,6468140,937904,109016.93,1668531551000,1688710310000,400158,aprobado,emitido
160,20,94,7810471,4524382,176889.87,1687262648000,1676645245000,400159,pendiente,emitido
161,67,248,1223847,2139262,444115.06,1667648602000,1667903684000,400160,rechazado,depositado
162,81,183,2491877,2924443,234369.73,1679176496000,1686259902000,400161,pendiente,emitido
163,55,197,4939609,157550,298481.65,1682934342000,1676820205000,400162,aprobado,emitido
164,93,77,7498116,1806518,222416.49,1672869108000,1666660949000,400163,aprobado,depositado
165,81,211,5632228,661988,363577.77,1683298741000,1692880831000,400164,aprobado,depositado
166,6,222,1516178,2844722,485607.53,1694963131000,1684180800000,400165,pendiente,emitido
167,55,282,1133032,7583564,341006.93,1680385463000,1693991957000,400166,aprobado,emitido
168,100,28,3582671,1366915,46968.75,1678886852000,1694363618000,400167,aprobado,emitido
169,53,211,6617967,3373655,319666.3,1689583176000,1695392714000,400168,pendiente,depositado
170,100,80,2819702,2839251,107009.7,1689198316000,1688429805000,400169,rechazado,depositado
171,36,248,6484003,2337426,35328.52,1682543923000,1680501634000,400170,pendiente,emitido
172,73,29,3690219,6221569,88595.05,1683184600000,1687031267000,400171,pendiente,depositado
173,99,107,1565556,3046832,107867.13,1669898306000,1676502571000,400172,aprobado,emitido
174,31,66,5270161,5347174,198719.49,1669107883000,1671263042000,400173,pendiente,emitido
175,92,50,2409752,1078362,318164.54,1690594904000,1685860978000,400174,pendiente,depositado
176,49,276,7437857,2751263,482820.85,1679899824000,1679167582000,400175,rechazado,depositado
177,70,127,6294797,6143791,489013.87,1683140512000,1667068341000,400176,pendiente,emitido
178,68,124,1808830,1457945,39276.05,1669774937000,1680587055000,400177,pendiente,emitido
179,76,154,2416881,6731263,194437.27,1690863131000,1687094127000,400178,pendiente,emitido
180,62,165,601216,5900389,43518.04,1666404826000,1688152200000,400179,pendiente,depositado
181,25,231,2150433,6618343,76867.56,1674713169000,1684548660000,400180,pendiente,emitido
182,60,66,6711718,1441299,395201.98,1676173993000,1681037161000,400181,aprobado,emitido
183,26,62,7969326,729838,59452.56,1695295284000,1677595795000,400182,pendiente,emitido
184,56,5,1661372,5483598,3695.4,1666942040000,1676697834000,400183,aprobado,emitido
185,21,215,2189969,6825487,88695.24,1684801406000,1671759656000,400184,rechazado,emitido
186,11,136,6216671,3436219,322099.7,1664623288000,1687927740000,400185,aprobado,emitido
187,22,85,818652,3534536,492808.65,1680262342000,1674828459000,400186,rechazado,depositado
188,3,222,2607692,5752528,123620.91,1677383188000,1664469619000,400187,pendiente,depositado
189,84,71,2903381,6967738,148918.16,1677621056000,1677049674000,400188,pendiente,depositado
190,90,266,6481004,4814867,477152.37,1681891672000,1667758240000,400189,aprobado,emitido
191,21,295,3012413,1858965,14523.62,1689540738000,1686510782000,400190,pendiente,emitido
192,48,239,5883611,6808659,248607.59,1690430824000,1685705330000,400191,pendiente,depositado
193,44,203,5196848,2745025,206726.76,1680807526000,1676238101000,400192,pendiente,emitido
194,50,23,6018079,6411141,141378.66,1685184144000,1695528823000,400193,aprobado,depositado
195,26,181,630200,2044331,54436.27,1689634985000,1673971155000,400194,pendiente,depositado
196,51,107,5967058,3963870,361195.07,1676716477000,1664160949000,400195,aprobado,depositado
197,48,73,7255717,7293649,388263.11,1695216155000,1691121785000,400196,rechazado,depositado
198,31,279,6673026,3487252,131905.2,1664629780000,1671695777000,400197,rechazado,emitido
199,7,230,2896001,511450,284716.55,1680550334000,1682202906000,400198,pendiente,depositado
200,82,137,7017323,5327327,158979.17,1667957523000,1674285068000,400199,rechazado,emitido
201,13,48,3418605,1211714,392269.86,1677877930000,1665896817000,400200,pendiente,depositado
202,81,119,5685405,1676887,280524.0,1666657412000,1681023467000,400201,rechazado,depositado
203,38,226,4458973,1282804,487153.54,1670966134000,1668777921000,400202,pendiente,depositado
204,87,184,7743741,2914101,396214.92,1680213004000,1682562798000,400203,aprobado,depositado
205,84,195,5214966,1676319,407343.71,1691408854000,1677744651000,400204,pendiente,emitido
206,1,117,2782532,6710500,30856.78,1669826773000,1673530298000,400205,pendiente,emitido
207,74,145,3665643,4672668,102632.1,1685748718000,1674080438000,400206,aprobado,depositado
208,47,35,4080991,4341797,343579.75,1664623582000,1669891617000,400207,aprobado,depositado
209,16,146,4484620,587631,123175.85,1675262456000,1692310397000,400208,rechazado,emitido
210,57,146,5807417,5919619,32687.87,1680727577000,1693672311000,400209,aprobado,depositado
211,51,24,4252804,2235264,347634.37,1667549455000,1689123348000,400210,aprobado,depositado
212,41,99,4677215,1831261,53196.11,1675600295000,1690525500000,400211,rechazado,depositado
213,8,45,2980064,6978152,272124.41,1686030704000,1667782971000,400212,pendiente,emitido
214,23,77,2063642,3337483,476211.36,1676959308000,1689832940000,400213,aprobado,emitido
215,36,39,7117445,3206774,456278.67,1672207496000,1668728592000,400214,rechazado,depositado
216,31,240,2889865,1397209,474687.7,1677286524000,1675602857000,400215,pendiente,emitido
217,91,92,6755714,1944618,56478.96,1676892324000,1670159521000,400216,rechazado,depositado
218,26,227,1159520,2174920,302306.32,1667007419000,1667866622000,400217,aprobado,emitido
219,57,169,4304970,3188219,210326.25,1690859283000,1665154327000,400218,rechazado,emitido
220,9,242,7150027,6529259,310357.6,1674914867000,1695406621000,400219,rechazado,emitido
221,33,36,6848718,3357391,488143.96,1671824797000,1670388513000,400220,pendiente,depositado
222,73,165,4953053,5685141,486921.19,1674847376000,1688322938000,400221,rechazado,emitido
223,83,204,4330418,5264388,397065.17,1682455094000,1670670548000,400222,aprobado,emitido
224,65,59,3090226,6901214,153902.7,1692795643000,1678823558000,400223,pendiente,emitido
225,34,253,4390237,1223189,345420.11,1675008138000,1674734553000,400224,aprobado,depositado
226,95,277,5766100,4192450,133807.74,1670548820000,1669232482000,400225,pendiente,depositado
227,89,164,2028653,2920690,164591.46,1678430876000,1673314703000,400226,rechazado,emitido
228,20,59,7601907,1094363,10110.39,1680329624000,1667900578000,400227,aprobado,emitido
229,31,10,125518,3550505,416305.38,1680978202000,1669030521000,400228,pendiente,emitido
230,18,181,216893,4766294,431247.25,1676954466000,1694625725000,400229,rechazado,emitido
231,78,13,3591192,914000,253432.66,1672605583000,1691116569000,400230,rechazado,depositado
232,15,231,6555023,1657285,43887.32,1692113324000,1665863805000,400231,rechazado,depositado
233,24,81,5416342,6278593,41014.62,1678201795000,1671024494000,400232,aprobado,depositado
234,12,176,5914197,5822539,30850.31,1683129801000,1676469867000,400233,pendiente,emitido
235,94,66,4860879,435032,391462.27,1664664925000,1674800003000,400234,pendiente,emitido
236,34,39,3129155,6145837,473450.64,1664521469000,1690278891000,400235,pendiente,depositado
237,67,84,5714469,3858139,248675.68,1676872917000,1670881406000,400236,rechazado,emitido
238,57,252,3797672,6771489,245380.82,1669201801000,1667258098000,400237,pendiente,emitido
239,42,74,678936,2508375,414937.17,1686545256000,1665347865000,400238,rechazado,emitido
240,60,100,7918806,2128956,243688.56,1687235444000,1688822790000,400239,aprobado,depositado
241,48,38,2851524,2135232,11905.17,1695162288000,1668351010000,400240,pendiente,depositado
242,81,70,2579934,6487659,62309.63,1673840763000,1689236559000,400241,rechazado,depositado
243,4,54,5298799,5689995,471514.75,1693714645000,1675816919000,400242,aprobado,emitido
244,48,151,5032373,3851321,272150.32,1687024460000,1680951366000,400243,aprobado,depositado
245,30,138,4827834,1666689,368919.59,1687077298000,1686499764000,400244,rechazado,depositado
246,98,237,1103599,1197081,496193.59,1673377498000,1694100162000,400245,pendiente,emitido
247,75,68,3976469,7184985,286247.87,1681181733000,1674257132000,400246,rechazado,depositado
248,93,47,2878929,4463354,99236.13,1694475930000,1684053847000,400247,rechazado,depositado
249,85,283,4151775,3796370,462895.41,1673324013000,1674948009000,400248,aprobado,emitido
250,38,119,3540161,191332,175180.74,1673412352000,1675424604000,400249,aprobado,depositado
251,77,273,5733216,453696,448457.92,1681438773000,1687043312000,400250,aprobado,depositado
252,98,186,3716450,5719126,92336.01,1686664829000,1687937321000,400251,aprobado,depositado
253,71,289,5414222,4197115,44772.12,1670202718000,1694414845000,400252,pendiente,depositado
254,63,130,1397752,7371035,119854.86,1689377492000,1682821020000,400253,rechazado,depositado
255,44,278,5608128,6456474,89016.31,1681680742000,1692981335000,400254,pendiente,depositado
256,49,205,5826725,5859218,30003.76,1688163833000,1693850708000,400255,pendiente,depositado
257,11,125,6960243,6373307,389157.21,1694477358000,1687025223000,400256,rechazado,depositado
258,26,42,6619859,7661705,178388.43,1670432229000,1678270378000,400257,pendiente,depositado
259,32,4,7573132,5450173,487021.5,1670958082000,1672567499000,400258,aprobado,emitido
260,49,139,1699081,5738813,426171.93,1680336289000,1686680722000,400259,rechazado,emitido
261,63,282,3581384,2686722,54246.44,1669183737000,1664261232000,400260,rechazado,depositado
262,87,237,1369870,5037543,260326.19,1667397531000,1679844053000,400261,rechazado,depositado
263,14,144,6287768,5214022,190384.39,1671071148000,1694821326000,400262,pendiente,depositado
264,8,250,5784101,60246,307463.03,1680878566000,1680693173000,400263,aprobado,depositado
265,58,166,4077484,4837598,12078.81,1685447576000,1675248358000,400264,rechazado,depositado
266,37,132,2933862,826946,391641.61,1684159945000,1686311638000,400265,rechazado,emitido
267,83,75,2445133,3770035,121716.76,1674366140000,1665600274000,400266,rechazado,depositado
268,91,168,6264552,3993332,353793.3,1691691266000,1678258758000,400267,rechazado,emitido
269,36,172,7005698,984293,306049.6,1668086378000,1665018795000,400268,aprobado,emitido
270,95,143,1255945,6295453,306413.33,1681371254000,1664131388000,400269,aprobado,emitido
271,67,169,3305886,2204515,272192.22,1690510545000,1690819679000,400270,pendiente,depositado
272,9,278,1228060,6492369,470014.29,1670730842000,1667223113000,400271,pendiente,depositado
273,68,214,4349821,2552007,384794.29,1667813851000,1669462803000,400272,pendiente,depositado
274,4,83,4973788,2853785,281781.24,1682842567000,1681690781000,400273,pendiente,depositado
275,11,33,3086066,26298,13801.34,1683851367000,1687843145000,400274,pendiente,depositado
276,71,11,2787678,4047723,279232.96,1678808784000,1682092719000,400275,aprobado,depositado
277,42,272,915985,5931666,270157.28,1691892446000,1693304623000,400276,pendiente,depositado
278,11,219,6136048,390926,60928.74,1684693730000,1676103429000,400277,pendiente,depositado
279,68,226,238350,5281295,486776.5,1688284819000,1682339378000,400278,aprobado,depositado
280,79,252,5974518,3656449,346774.7,1695259238000,1678759530000,400279,rechazado,depositado
281,72,139,7889681,3821627,440492.58,1687285238000,1693750205000,400280,rechazado,depositado
282,66,226,7776794,5871924,434486.41,1664329157000,1695565756000,400281,pendiente,depositado
283,46,94,4893256,4505695,9792.61,1665224612000,1675408548000,400282,aprobado,depositado
284,5,116,2726840,4428101,444524.69,1692665135000,1668521758000,400283,pendiente,depositado
285,68,258,5306669,5440444,118948.01,1684587698000,1679531275000,400284,aprobado,emitido
286,14,145,1658961,5563765,246888.97,1667313320000,1665970151000,400285,rechazado,emitido
287,41,83,3224923,5791578,354680.62,1686001448000,1681980383000,400286,pendiente,emitido
288,39,201,7309030,2331834,443401.69,1688236860000,1681933447000,400287,pendiente,emitido
289,6,202,969007,6629330,170714.19,1691514701000,1691129333000,400288,pendiente,depositado
290,32,128,1141506,5364571,89580.32,1688936749000,1685497317000,400289,pendiente,emitido
291,44,231,718203,412024,405594.75,1692096751000,1692480239000,400290,rechazado,depositado
292,42,249,7909088,3336584,91082.85,1668981846000,1689441408000,400291,pendiente,depositado
293,20,106,6376323,4400309,381436.18,1689409454000,1665000318000,400292,pendiente,depositado
294,85,143,2899703,3824408,399793.89,1668229586000,1688566288000,400293,pendiente,emitido
295,22,127,665273,7464286,213626.95,1695469156000,1674720894000,400294,aprobado,depositado
296,100,297,7752996,6779362,237716.23,1667883575000,1670221528000,400295,rechazado,emitido
297,53,282,2143307,7273460,439258.11,1676495070000,1679249051000,400296,rechazado,emitido
298,17,15,3463796,6104997,449456.94,1690710389000,1688006557000,400297,rechazado,emitido
299,10,286,5352161,5868255,196666.59,1666028468000,1674770839000,400298,rechazado,depositado
300,93,55,6186196,5665840,156279.84,1690800783000,1690515021000,400299,rechazado,emitido
301,97,89,2177688,3705583,352176.94,1683720362000,1689865359000,400300,pendiente,emitido
302,24,135,2194074,3854266,229687.24,1664675626000,1675593976000,400301,pendiente,depositado
303,8,129,4164771,6880824,123494.59,1678971653000,1693795209000,400302,pendiente,emitido
304,46,271,478206,3734629,192756.63,1664605776000,1688574914000,400303,aprobado,depositado
305,28,269,5141839,3936540,350623.3,1686065962000,1680522995000,400304,aprobado,depositado
306,4,278,4920312,1474101,46260.94,1695384162000,1694116932000,400305,aprobado,depositado
307,6,87,1987439,200358,456810.21,1671622167000,1687671540000,400306,aprobado,emitido
308,98,41,2484693,2515261,451234.92,1690389741000,1685290952000,400307,rechazado,emitido
309,48,104,1282966,1589545,207921.85,1672164483000,1676739521000,400308,rechazado,depositado
310,17,143,4843687,602081,493971.37,1683094376000,1673502736000,400309,aprobado,emitido
311,29,225,6714312,5897353,189365.91,1681414971000,1681524885000,400310,pendiente,depositado
312,3,223,7716719,3502300,149283.14,1665686214000,1675731224000,400311,pendiente,emitido
313,10,227,7209633,5858854,150415.17,1678156599000,1685880211000,400312,pendiente,depositado
314,87,160,5390337,5687930,450695.77,1667900948000,1669980906000,400313,aprobado,emitido
315,71,30,205808,3021294,105208.25,1668525812000,1687661476000,400314,rechazado,depositado
316,21,133,3011369,6617509,321512.73,1667119224000,1667957233000,400315,aprobado,emitido
317,5,209,13032,3585223,264127.75,1683377484000,1694905376000,400316,aprobado,depositado
318,4,249,7875497,252352,243939.78,1686634405000,1678768391000,400317,aprobado,emitido
319,26,1,1994544,4051911,413742.01,1692782344000,1686567229000,400318,pendiente,depositado
320,59,127,2531164,15942,373194.45,1668401164000,1674787234000,400319,aprobado,depositado
321,21,282,1955344,6718158,215316.77,1677121819000,1674554766000,400320,pendiente,depositado
322,60,27,1538982,3189610,32291.35,1671041788000,1688408832000,400321,pendiente,depositado
323,47,68,1250782,5101765,347127.67,1692265149000,1678494001000,400322,aprobado,emitido
324,59,130,2615888,5794279,331371.49,1670616855000,1665648631000,400323,pendiente,depositado
325,15,289,173904,7201731,60243.1,1685338327000,1676582293000,400324,rechazado,depositado
326,30,168,1473255,2976393,239561.86,1671184021000,1686689420000,400325,aprobado,emitido
327,75,98,7095295,948282,98163.19,1686528112000,1674320571000,400326,aprobado,depositado
328,95,240,1132534,722414,74363.32,1694365928000,1667137805000,400327,pendiente,depositado
329,26,146,7527548,882332,226282.2,1693066823000,1671889349000,400328,rechazado,emitido
330,25,133,7958899,2842558,423733.29,1684172467000,1667895575000,400329,aprobado,emitido
331,52,208,7634978,5234963,202552.79,1688396856000,1674104850000,400330,aprobado,depositado
332,56,11,140875,5407330,288183.74,1681063983000,1692313317000,400331,rechazado,depositado
333,18,160,373206,7035091,448489.35,1667600699000,1667120159000,400332,pendiente,depositado
334,38,117,2600423,2887425,74402.75,1665457790000,1676096539000,400333,rechazado,depositado
335,45,189,3190897,7035321,176910.3,1680689212000,1681893636000,400334,pendiente,emitido
336,18,171,6531556,4143270,489584.71,1674316074000,1681314216000,400335,pendiente,depositado
337,55,91,3514717,2579018,52990.72,1687820199000,1672622608000,400336,pendiente,emitido
338,65,229,1691424,7144883,28072.13,1665267947000,1671778104000,400337,pendiente,depositado
339,65,109,330502,3939235,319457.55,1683355000000,1694935291000,400338,aprobado,depositado
340,100,179,5150818,2105976,415394.57,1684592915000,1687932277000,400339,rechazado,depositado
341,27,61,3096888,324538,242427.53,1680936278000,1674778173000,400340,pendiente,depositado
342,73,293,4122909,2529311,258431.5,1676804043000,1675849834000,400341,aprobado,depositado
343,74,2,1446822,1787464,209593.37,1682033961000,1676366263000,400342,rechazado,depositado
344,91,164,5651376,1939665,192512.2,1695075901000,1664938942000,400343,rechazado,emitido
345,74,252,3607950,966345,258965.41,1684201489000,1665374408000,400344,pendiente,depositado
346,15,135,4380558,1472088,437744.96,1685967163000,1688821368000,400345,pendiente,depositado
347,12,137,6893899,7127752,16347.33,1668141279000,1672570807000,400346,pendiente,depositado
348,94,117,7543787,1481253,187066.78,1684481479000,1669862323000,400347,pendiente,emitido
349,84,292,1590869,3922939,277042.7,1694350732000,1665681477000,400348,rechazado,emitido
350,37,42,6601100,158617,105859.27,1687592929000,1692955081000,400349,aprobado,emitido
351,28,121,7092095,1007230,245426.1,1694950836000,1676524147000,400350,pendiente,depositado
352,83,256,411934,7895680,17247.12,1674802457000,1677326555000,400351,aprobado,depositado
353,23,164,4228791,5580434,169924.1,1667970769000,1673673238000,400352,aprobado,depositado
354,88,269,3480339,1149100,491287.99,1680743748000,1692955681000,400353,pendiente,depositado
355,53,30,6144099,1734322,398144.17,1665338051000,1689355511000,400354,rechazado,emitido
356,83,274,2517112,1861038,399816.34,1683027498000,1678143659000,400355,rechazado,depositado
357,47,250,5605902,2022583,185009.95,1664884069000,1669993155000,400356,pendiente,emitido
358,5,23,5195286,4918318,333769.27,1691919109000,1684775398000,400357,rechazado,depositado
359,40,242,7044044,4455663,447171.2,1665391210000,1687513930000,400358,rechazado,emitido
360,11,170,690632,7690559,466899.85,1682880756000,1684891823000,400359,rechazado,depositado
361,2,86,929943,33858,356600.51,1672268254000,1664256912000,400360,aprobado,emitido
362,29,284,2833102,6172787,284677.62,1673452365000,1692164101000,400361,aprobado,emitido
363,94,107,181875,1529586,224919.37,1687713901000,1680359103000,400362,aprobado,emitido
364,86,122,7387477,6780565,337205.75,1679581882000,1690748944000,400363,pendiente,emitido
365,25,229,4830406,2512206,227479.44,1681987222000,1686543207000,400364,pendiente,depositado
366,91,79,3164839,5088478,415730.96,1695109238000,1677702378000,400365,pendiente,depositado
367,30,53,684803,3792585,270571.82,1666939444000,1693704096000,400366,rechazado,emitido
368,86,215,622340,4206425,343346.87,1686833569000,1691433511000,400367,aprobado,depositado
369,39,264,1007167,6420334,349052.11,1691267277000,1681928081000,400368,pendiente,emitido
370,11,185,886023,5860855,459505.11,1683111612000,1688177261000,400369,aprobado,emitido
371,99,207,5823463,4101248,423970.03,1671790553000,1693398615000,400370,pendiente,depositado
372,29,9,7342178,7582499,396391.86,1666367796000,1664595375000,400371,aprobado,depositado
373,36,144,6830380,1848213,6741.07,1677598328000,1686234125000,400372,rechazado,depositado
374,84,219,3002728,5411921,64921.07,1680569991000,1678594780000,400373,aprobado,depositado
375,80,161,6537326,4083549,201982.15,1666908984000,1665620241000,400374,aprobado,depositado
376,33,55,7279916,4316577,312696.93,1687291636000,1670171185000,400375,rechazado,emitido
377,89,295,5769910,1294310,242979.27,1667787544000,1694276298000,400376,pendiente,emitido
378,86,292,7415403,1613394,352115.14,1666938788000,1690909332000,400377,rechazado,emitido
379,96,30,5989069,5752194,76089.98,1677972995000,1686611318000,400378,pendiente,emitido
380,13,6,1757213,6959792,14438.77,1691508546000,1665549559000,400379,pendiente,emitido
381,49,199,1027914,5212299,421042.72,1689067850000,1682629321000,400380,aprobado,depositado
382,76,273,7326965,5165405,336710.89,1677182147000,1679879896000,400381,rechazado,emitido
383,61,299,7674698,5421228,320038.08,1688342962000,1667891381000,400382,rechazado,emitido
384,77,260,7795768,5965506,61919.17,1667140783000,1693473852000,400383,aprobado,depositado
385,81,171,6566498,743976,21818.23,1690680514000,1666447016000,400384,pendiente,emitido
386,70,275,4546839,7973748,457543.46,1692452494000,1671632540000,400385,aprobado,emitido
387,47,2,2764683,1019148,138717.71,1683231585000,1685323742000,400386,aprobado,emitido
388,91,232,2822448,1282689,100578.85,1679947377000,1667513667000,400387,aprobado,depositado
389,46,101,4756769,4807392,480218.27,1666463479000,1686931900000,400388,rechazado,depositado
390,18,141,1981866,4924132,451873.8,1694021005000,1680217270000,400389,aprobado,emitido
391,63,237,313901,244126,37073.81,1676808839000,1682277823000,400390,aprobado,emitido
392,71,55,1276205,6693121,473631.67,1689380414000,1679396513000,400391,pendiente,emitido
393,13,79,4398462,6349705,403328.77,1675811493000,1665685041000,400392,rechazado,depositado
394,24,78,4568639,5357804,263765.61,1669596234000,1678761803000,400393,aprobado,depositado
395,26,77,5708189,887410,362147.12,1666926699000,1694297666000,400394,rechazado,depositado
396,7,179,6813978,4743758,3072.62,1687499306000,1689509230000,400395,pendiente,emitido
397,66,199,3420248,5032726,490765.25,1689120845000,1680397419000,400396,rechazado,emitido
398,11,290,3163347,5396291,104202.49,1665817479000,1687105532000,400397,aprobado,depositado
399,48,160,6491602,3445711,402893.17,1695377854000,1670841876000,400398,pendiente,depositado
400,45,283,1739631,231990,144931.43,1672047596000,1691398072000,400399,pendiente,depositado
401,63,162,1636520,7882974,421533.81,1693805516000,1679739593000,400400,aprobado,emitido
402,93,231,5166352,5634594,183867.92,1676557516000,1667366372000,400401,aprobado,depositado
403,88,117,2033710,1985438,462642.43,1666516599000,1688375548000,400402,aprobado,depositado
404,85,172,5011747,3522521,404376.18,1690164514000,1678978671000,400403,rechazado,emitido
405,94,25,3839871,15291,436946.82,1691086928000,1689165052000,400404,pendiente,depositado
406,19,179,3709679,6041886,211826.64,1691136731000,1694043001000,400405,rechazado,depositado
407,35,102,411592,6997035,130434.75,1676433897000,1668772614000,400406,pendiente,depositado
408,8,5,6470909,3517668,481862.38,1675529590000,1685585630000,400407,pendiente,depositado
409,23,172,7242598,7047397,162563.97,1664871343000,1693907264000,400408,aprobado,depositado
410,1,41,4672223,5757081,396124.87,1682444868000,1669094543000,400409,pendiente,emitido
411,99,47,7594519,560789,153958.27,1680105253000,1684499476000,400410,pendiente,emitido
412,9,240,7992318,2821433,7846.49,1672855495000,1690959595000,400411,rechazado,emitido
413,70,299,828028,7197179,370041.01,1681955155000,1670241288000,400412,aprobado,emitido
414,66,207,819005,723959,338128.58,1665959197000,1678897485000,400413,rechazado,depositado
415,4,167,1951790,1803416,482048.96,1669191549000,1668903604000,400414,aprobado,depositado
416,78,142,3808437,1464740,478786.12,1685350792000,1679845981000,400415,rechazado,emitido
417,87,125,3899190,6372942,308401.96,1694675033000,1674302835000,400416,rechazado,emitido
418,54,208,1803458,5872916,119492.49,1690720810000,1685085595000,400417,aprobado,depositado
419,1,135,6727851,89688,388768.42,1694751195000,1673158729000,400418,rechazado,depositado
420,16,248,7046635,6201907,430145.03,1671542988000,1664733361000,400419,pendiente,emitido
421,59,249,186852,6310373,359093.78,1672202023000,1665778983000,400420,aprobado,emitido
422,89,277,2080463,5959945,57123.49,1686357185000,1664405860000,400421,aprobado,depositado
423,88,45,3755562,7948920,43598.45,1688638069000,1677251688000,400422,pendiente,emitido
424,38,280,4555751,1260147,229026.25,1666380293000,1680853033000,400423,aprobado,emitido
425,77,161,3745220,7770005,71261.3,1686890991000,1675389371000,400424,aprobado,depositado
426,79,12,6130515,5878697,349970.6,1684855505000,1679009545000,400425,rechazado,depositado
427,16,40,1436814,5453061,490836.78,1677786989000,1666600053000,400426,pendiente,depositado
428,29,8,5991861,290427,394006.31,1667108733000,1677462587000,400427,rechazado,emitido
429,62,229,3422185,6491919,403034.56,1694849413000,1664160913000,400428,pendiente,depositado
430,56,39,5499807,4333123,369492.67,1669321356000,1678321438000,400429,rechazado,emitido
431,82,15,3302199,639732,312710.28,1692338072000,1671638729000,400430,aprobado,depositado
432,62,239,7521899,1226643,439722.61,1676414886000,1667901743000,400431,aprobado,depositado
433,70,175,3678192,4657677,294191.75,1674264876000,1688255139000,400432,pendiente,emitido
434,21,110,4080037,4460866,170916.2,1678040041000,1678638573000,400433,aprobado,emitido
435,29,168,833265,4434715,370560.66,1682142868000,1692892332000,400434,rechazado,depositado
436,85,111,3933224,1085645,470765.38,1664796414000,1687673024000,400435,rechazado,depositado
437,3,213,1766451,3111469,389747.51,1685511599000,1674877955000,400436,rechazado,depositado
438,96,263,2485859,6834907,218787.19,1669540423000,1664209072000,400437,pendiente,depositado
439,11,270,743065,5230808,355151.87,1684982343000,1673749965000,400438,rechazado,emitido
440,5,225,4480005,7793399,482888.78,1670611110000,1688435965000,400439,aprobado,depositado
441,18,65,1477777,2733066,378439.74,1664783269000,1675999979000,400440,rechazado,depositado
442,77,270,4046426,5148316,257453.88,1675279770000,1683426864000,400441,rechazado,depositado
443,79,121,4746053,6577141,338545.36,1684815043000,1666898819000,400442,rechazado,depositado
444,11,299,5627302,5204847,315371.99,1677107902000,1680522435000,400443,rechazado,emitido
445,89,185,5196204,5142883,97353.24,1670689170000,1685741793000,400444,aprobado,emitido
446,33,174,6061853,260017,56460.1,1691152004000,1680066160000,400445,rechazado,depositado
447,86,116,7378535,2387425,187356.98,1694242373000,1686684048000,400446,aprobado,depositado
448,7,95,5470541,5632377,425466.37,1670237890000,1686336398000,400447,pendiente,emitido
449,66,232,1455653,4378340,80256.56,1670900326000,1690783528000,400448,pendiente,depositado
450,80,48,6118195,4703685,472928.56,1670731034000,1693067902000,400449,pendiente,depositado
451,69,27,7550425,2542503,404029.58,1665920807000,1686686940000,400450,aprobado,depositado
452,25,287,6468693,4299129,46424.42,1693538725000,1668280374000,400451,aprobado,emitido
453,95,271,6953703,511863,322190.17,1690667633000,1681582845000,400452,rechazado,depositado
454,100,280,5401625,5560719,198848.21,1668916691000,1690711969000,400453,pendiente,emitido
455,78,259,1991281,838940,410762.66,1670181007000,1694833233000,400454,aprobado,depositado
456,44,159,4268446,6411035,442430.67,1689751508000,1695213560000,400455,pendiente,emitido
457,32,148,586758,2301056,50638.96,1672609935000,1692869388000,400456,pendiente,depositado
458,29,202,3277488,7945892,492015.46,1668999018000,1685697580000,400457,pendiente,emitido
459,88,270,307662,5858264,346025.52,1666673627000,1680333681000,400458,aprobado,depositado
460,49,287,1038472,3073452,74040.38,1677260891000,1687688705000,400459,rechazado,depositado
461,25,185,2996569,2598706,497561.52,1693484074000,1681879815000,400460,aprobado,emitido
462,2,206,1813110,5832121,384975.2,1673137631000,1669806503000,400461,pendiente,depositado
463,60,123,3718540,972297,349892.17,1682054452000,1664543558000,400462,rechazado,depositado
464,99,296,2731079,4574827,245247.12,1694230914000,1688542193000,400463,aprobado,emitido
465,72,9,408122,3550487,300108.76,1690426557000,1671418829000,400464,rechazado,emitido
466,21,190,1600841,753004,71892.36,1694797545000,1669199785000,400465,rechazado,emitido
467,2,129,7952943,6391150,115261.63,1674055685000,1692421450000,400466,pendiente,emitido
468,21,232,1986497,1176018,157001.52,1693050698000,1682997424000,400467,aprobado,depositado
469,21,122,579217,979080,155070.05,1689541349000,1679078060000,400468,pendiente,depositado
470,84,154,1573135,2953572,491208.23,1673558941000,1686480627000,400469,aprobado,emitido
471,72,102,3691874,564726,424934.31,1691246828000,1673662135000,400470,aprobado,emitido
472,81,74,5372696,6671278,331856.63,1675184090000,1690124423000,400471,aprobado,emitido
473,38,22,3157215,4448312,374363.0,1674187351000,1693312293000,400472,pendiente,emitido
474,92,140,1416656,6638027,413394.98,1677429660000,1676027772000,400473,rechazado,depositado
475,94,182,2617873,1811434,224408.02,1675210801000,1680884508000,400474,pendiente,depositado
476,53,157,4090076,5713228,261506.53,1687330452000,1690813847000,400475,aprobado,depositado
477,21,21,2998117,7572607,42978.86,1688426482000,1687214254000,400476,rechazado,depositado
478,28,280,1091763,3987434,147767.96,1678873158000,1695344833000,400477,aprobado,emitido
479,47,105,4055315,4997200,308620.64,1683733153000,1695463589000,400478,rechazado,depositado
480,2,73,2102066,6848808,8134.74,1689541769000,1671102940000,400479,aprobado,emitido
481,62,291,2505415,3618264,30519.81,1694120141000,1666572340000,400480,rechazado,depositado
482,11,137,4890610,7992381,383550.74,1676452765000,1683490721000,400481,pendiente,depositado
483,58,173,6929000,3315902,101388.38,1668330251000,1675334317000,400482,rechazado,emitido
484,69,278,4982513,1677744,227287.69,1681195375000,1670938636000,400483,pendiente,emitido
485,11,243,7521682,3255266,430639.22,1678571453000,1666435677000,400484,pendiente,depositado
486,100,191,3388076,7652959,247249.26,1687619184000,1666204917000,400485,rechazado,emitido
487,67,96,6274242,3440786,217453.43,1679513944000,1689404068000,400486,pendiente,emitido
488,72,222,4938298,1697162,463987.44,1666797602000,1674052292000,400487,rechazado,depositado
489,17,167,1151556,4660644,22353.43,1671058612000,1685432826000,400488,rechazado,emitido
490,46,163,382557,965948,280569.43,1664254587000,1670494980000,400489,rechazado,emitido
491,49,282,4866727,1886757,216155.33,1687558893000,1685950561000,400490,aprobado,emitido
492,12,215,2948555,4988038,134496.21,1666554242000,1667060608000,400491,rechazado,depositado
493,38,181,2408777,2904164,42006.16,1667458306000,1665722914000,400492,pendiente,emitido
494,61,193,7935228,3782037,41610.51,1685761671000,1670190844000,400493,aprobado,depositado
495,87,219,4055751,7669495,487814.26,1668725840000,1689518141000,400494,pendiente,depositado
496,92,281,4677042,4565708,14605.99,1682812767000,1681940954000,400495,aprobado,emitido
497,36,119,7587256,4149036,435309.63,1673300379000,1694721384000,400496,rechazado,depositado
498,43,47,4873674,6459834,437514.84,1689803196000,1681659747000,400497,rechazado,emitido
499,57,14,1408589,2122142,86501.51,1684192883000,1694603463000,400498,pendiente,depositado
500,92,43,5698934,2765457,167821.39,1675249102000,1683568967000,400499,aprobado,emitido
501,30,115,4314979,3272376,489580.34,1689446071000,1665593095000,400500,pendiente,emitido
502,73,157,7266860,4273110,100555.29,1673836098000,1686497713000,400501,rechazado,emitido
503,35,67,4474029,2852380,84839.8,1679051632000,1665224311000,400502,aprobado,emitido
504,65,251,5424480,1877305,333922.65,1672195428000,1690637656000,400503,pendiente,emitido
505,38,195,6899027,5643139,12204.47,1675385693000,1685832948000,400504,pendiente,depositado
506,38,84,7555109,168530,233170.53,1670321136000,1695388987000,400505,aprobado,depositado
507,64,298,1210530,1350425,106275.89,1665397851000,1679386819000,400506,pendiente,emitido
508,87,125,1840064,5523664,5561.07,1665054529000,1687881002000,400507,rechazado,depositado
509,54,11,681170,5733316,101694.03,1666005288000,1688447688000,400508,rechazado,emitido
510,27,254,2078017,1412969,198635.05,1669476121000,1695117125000,400509,pendiente,emitido
511,80,191,3896146,6719723,94888.2,1667432477000,1666965904000,400510,rechazado,depositado
512,42,218,7691230,3849610,309345.48,1684434468000,1669416014000,400511,pendiente,emitido
513,6,286,2821384,6899123,130269.72,1665313774000,1692114959000,400512,pendiente,emitido
514,36,139,7337104,7684722,76933.84,1672883559000,1685921568000,400513,aprobado,depositado
515,19,85,4188153,7119806,145067.77,1692896862000,1665130447000,400514,pendiente,emitido
516,51,50,4649678,2323793,174206.56,1676188415000,1673217511000,400515,aprobado,emitido
517,82,188,3009463,58261,400717.91,1689831745000,1682442620000,400516,rechazado,depositado
518,54,193,7034285,3249799,286749.24,1686267280000,1676780451000,400517,aprobado,depositado
519,73,288,553184,7472245,386081.08,1677283257000,1691515483000,400518,aprobado,emitido
520,1,196,7106361,6462901,225095.39,1672377720000,1667369533000,400519,aprobado,emitido
521,67,39,4180320,4211100,271458.31,1665262831000,1685331543000,400520,pendiente,depositado
522,52,248,511191,4950827,167012.81,1671021807000,1680093814000,400521,pendiente,depositado
523,22,28,4335452,3830253,137799.62,1676482350000,1679907321000,400522,rechazado,depositado
524,82,285,4675469,4231188,112584.03,1688172179000,1690289129000,400523,aprobado,emitido
525,47,135,7635259,1531304,321423.5,1666706950000,1673949207000,400524,aprobado,emitido
526,89,30,1046099,7801046,152394.89,1681472586000,1664646509000,400525,pendiente,depositado
527,74,27,5995583,6561358,63978.71,1685475744000,1677236545000,400526,rechazado,depositado
528,24,101,6579258,2436923,44114.19,1691846360000,1676686327000,400527,pendiente,depositado
529,39,30,711464,4299697,445031.47,1680484974000,1688026760000,400528,rechazado,depositado
530,34,119,5963720,230054,446310.5,1693188569000,1688139205000,400529,rechazado,emitido
531,79,81,224151,3156812,316369.03,1686428105000,1665250849000,400530,rechazado,emitido
532,89,128,438998,7081615,184285.89,1680053165000,1686403049000,400531,rechazado,emitido
533,69,3,2374033,1740412,248303.83,1692284148000,1687454296000,400532,rechazado,depositado
534,15,160,1717208,7968460,363486.46,1667128799000,1680689721000,400533,rechazado,emitido
535,29,61,7380337,1173059,251033.34,1689796826000,1666110151000,400534,rechazado,depositado
536,48,26,1515910,2162330,445881.78,1665744711000,1695335259000,400535,aprobado,emitido
537,96,215,1881088,1010607,378664.26,1668290422000,1673234742000,400536,aprobado,emitido
538,30,279,4187362,6523283,69558.69,1685582210000,1695267926000,400537,pendiente,emitido
539,5,161,2290626,7079730,10814.56,1667487658000,1689834314000,400538,pendiente,depositado
540,67,41,4446791,7426124,41834.08,1682878880000,1671724635000,400539,rechazado,depositado
541,54,268,3706253,4831256,293442.36,1670400552000,1693954240000,400540,pendiente,depositado
542,38,174,2754273,7534433,160716.43,1665068492000,1693694761000,400541,rechazado,emitido
543,14,198,175484,6395722,432759.36,1690765359000,1677006129000,400542,rechazado,emitido
544,31,104,6261709,7265150,48550.05,1683618182000,1691396428000,400543,aprobado,depositado
545,95,294,3956245,282146,30989.26,1686622968000,1692143946000,400544,pendiente,depositado
546,60,234,6509712,4205291,85815.49,1688713206000,1686688565000,400545,rechazado,emitido
547,76,102,4829487,6043325,216408.63,1691933467000,1667823177000,400546,pendiente,emitido
548,39,43,3651590,6392982,168942.32,1682576487000,1685315005000,400547,aprobado,depositado
549,81,151,5455729,6680233,330285.48,1666477723000,1694986202000,400548,rechazado,emitido
550,44,153,1376349,251119,114481.22,1679286135000,1676775508000,400549,pendiente,depositado
551,80,122,1832093,3759911,400706.38,1683798650000,1664955833000,400550,pendiente,depositado
552,60,165,5139912,4871585,250760.24,1676820232000,1684985792000,400551,pendiente,emitido
553,89,159,6429711,5011578,138346.04,1693301134000,1675956261000,400552,rechazado,emitido
554,14,225,781893,1194742,306986.43,1692467004000,1672397867000,400553,aprobado,depositado
555,24,144,6986284,2972614,89921.42,1668896221000,1664301100000,400554,pendiente,depositado
556,84,81,1729885,5992833,212254.95,1692428687000,1673235667000,400555,aprobado,depositado
557,99,291,2672957,2603405,287515.61,1687940919000,1677166361000,400556,rechazado,depositado
558,10,291,1827264,679566,359251.98,1689158419000,1674908651000,400557,rechazado,depositado
559,87,98,40827,41299,232402.46,1694309097000,1683442291000,400558,aprobado,emitido
560,6,192,7790309,2340591,7946.91,1668531947000,1680690875000,400559,rechazado,emitido
561,100,73,746451,2342755,249540.4,1682115227000,1690718321000,400560,pendiente,emitido
562,76,85,3915677,3969804,418642.92,1666183657000,1666156351000,400561,pendiente,emitido
563,96,235,7471724,214472,255868.44,1687108570000,1689511532000,400562,rechazado,depositado
564,75,76,7555981,5850080,247433.27,1669653876000,1664453692000,400563,rechazado,emitido
565,72,207,1534015,789610,17011.5,1676392594000,1664615523000,400564,rechazado,emitido
566,50,37,2592924,2056082,130845.21,1677768207000,1691291031000,400565,pendiente,depositado
567,50,173,286762,2797337,41938.02,1694381783000,1692909527000,400566,aprobado,emitido
568,74,16,3586791,1328337,220171.66,1675398912000,1691817348000,400567,rechazado,emitido
569,31,252,6822094,1946897,251244.14,1664336914000,1682496827000,400568,aprobado,depositado
570,50,275,3156448,5677711,308725.65,1666131928000,1677211275000,400569,aprobado,depositado
571,63,149,4062987,5761320,272103.42,1683656522000,1690609713000,400570,aprobado,emitido
572,60,218,7788271,1838106,394595.24,1664166220000,1671868037000,400571,rechazado,emitido
573,13,220,6479023,4887243,77453.62,1665126824000,1671703200000,400572,aprobado,emitido
574,67,68,5591640,3978675,298943.33,1670697744000,1680288514000,400573,pendiente,emitido
575,6,92,2162374,6549161,174957.85,1680738026000,1664493101000,400574,rechazado,emitido
576,61,187,2876928,5465992,449185.77,1690572545000,1680469655000,400575,pendiente,emitido
577,97,292,4704832,6638314,280801.12,1684980896000,1667196337000,400576,rechazado,emitido
578,70,231,7877274,922545,50116.64,1679493581000,1680204072000,400577,aprobado,emitido
579,71,239,6392042,2160477,187501.15,1692089916000,1695285833000,400578,rechazado,depositado
580,17,70,4622073,211378,450991.73,1691677483000,1680518478000,400579,aprobado,emitido
581,80,53,4759301,7719898,44729.97,1664775234000,1670670367000,400580,aprobado,depositado
582,56,279,6977651,346810,210721.7,1682586451000,1692288892000,400581,aprobado,depositado
583,24,291,1693308,5766587,467297.23,1673480063000,1684772044000,400582,aprobado,emitido
584,10,170,5570270,1103626,100556.77,1692281790000,1670092156000,400583,pendiente,depositado
585,55,219,6412734,3192246,361024.06,1681457929000,1667697177000,400584,pendiente,depositado
586,18,10,6812655,3807543,22892.74,1694331463000,1687467229000,400585,pendiente,emitido
587,8,253,608555,3533425,32102.45,1685411652000,1665327037000,400586,rechazado,emitido
588,15,231,2667571,4595650,464609.76,1675787836000,1674369475000,400587,aprobado,emitido
589,49,209,7024437,5111552,100678.91,1672281417000,1671861786000,400588,rechazado,emitido
590,14,145,801563,637139,83783.8,1692042845000,1695495240000,400589,aprobado,depositado
591,4,46,4324432,3999488,65187.97,1690164743000,1669063365000,400590,pendiente,emitido
592,29,195,4928442,2392376,184930.11,1681097259000,1674179563000,400591,rechazado,emitido
593,43,251,1941163,924682,394548.96,1678195580000,1680421981000,400592,pendiente,emitido
594,11,272,407434,5404605,460048.14,1684845358000,1681194822000,400593,aprobado,depositado
595,65,87,5837927,718298,157306.71,1689653016000,1681050762000,400594,rechazado,emitido
596,61,253,3084321,1077730,31558.36,1677776870000,1669217863000,400595,aprobado,depositado
597,30,113,5527063,2994559,198969.16,1666244845000,1671201331000,400596,aprobado,depositado
598,45,189,477710,5560590,328795.03,1667714916000,1678041795000,400597,aprobado,depositado
599,28,58,1707114,1619305,83086.25,1677927304000,1677094809000,400598,pendiente,emitido
600,90,46,6478303,2850746,348547.6,1668858303000,1675565709000,400599,aprobado,emitido
601,26,231,3948388,1522197,279762.89,1689377668000,1666886160000,400600,aprobado,depositado
602,85,47,7247149,300929,224926.87,1691238523000,1676359958000,400601,aprobado,emitido
603,70,166,965619,5089003,52844.27,1682792576000,1668431830000,400602,pendiente,depositado
604,46,148,5194713,7617308,138574.46,1694801020000,1670304351000,400603,rechazado,emitido
605,96,151,1223061,6409677,445888.18,1695049470000,1685245643000,400604,rechazado,emitido
606,56,274,1591045,1820814,405587.08,1688018471000,1664749760000,400605,pendiente,depositado
607,50,39,3408818,1948266,17507.18,1669023258000,1673662168000,400606,pendiente,depositado
608,22,295,3247920,3017435,247806.66,1688872074000,1682877187000,400607,aprobado,depositado
609,19,80,3780007,1763352,196970.65,1682752551000,1678632991000,400608,pendiente,depositado
610,55,14,687735,5881064,333453.16,1669538665000,1690418911000,400609,aprobado,depositado
611,40,43,3865481,1070363,224982.02,1672406000000,1668100475000,400610,pendiente,emitido
612,87,233,3562027,3595328,343093.47,1677181596000,1676101997000,400611,rechazado,depositado
613,45,210,3309941,2411528,154550.28,1677909699000,1664639162000,400612,rechazado,emitido
614,4,222,2617419,5489289,392695.28,1684324950000,1677722708000,400613,rechazado,emitido
615,23,78,7591745,7023568,168516.59,1685127795000,1678448486000,400614,aprobado,depositado
616,23,238,7984408,5526699,99031.24,1676544570000,1685515256000,400615,rechazado,depositado
617,32,281,4041435,3834071,291512.25,1665194038000,1694236251000,400616,pendiente,emitido
618,87,116,6793315,5541274,429081.91,1665444031000,1676055798000,400617,pendiente,depositado
619,79,7,7580904,5687044,137011.28,1688115020000,1675238250000,400618,rechazado,depositado
620,68,169,1296571,3114345,317008.68,1693836526000,1669550542000,400619,rechazado,emitido
621,37,120,160073,5544357,331777.06,1676690982000,1670204114000,400620,rechazado,depositado
622,36,81,267389,562238,177634.25,1694637759000,1679761488000,400621,rechazado,emitido
623,50,21,2999476,4782152,42437.66,1675631117000,1691122212000,400622,pendiente,emitido
624,73,134,4331288,2341115,363552.23,1664963079000,1676635592000,400623,rechazado,depositado
625,43,254,2827728,2054555,241851.67,1671131610000,1695385944000,400624,aprobado,emitido
626,71,32,5701103,5303618,271978.6,1675448054000,1678694435000,400625,rechazado,emitido
627,5,244,4897826,3036605,225427.51,1691390042000,1684722970000,400626,aprobado,emitido
628,36,38,717272,5574677,160032.72,1670220331000,1678424260000,400627,aprobado,emitido
629,77,236,6346421,6415966,158866.62,1678571260000,1691767770000,400628,aprobado,emitido
630,75,109,6274898,7077626,51906.62,1670482826000,1670403469000,400629,pendiente,depositado
631,61,209,6982620,5677733,139548.14,1680108559000,1673576315000,400630,aprobado,emitido
632,63,27,5559968,3332773,182121.08,1691428333000,1695313073000,400631,aprobado,depositado
633,100,139,317082,4602377,329977.07,1676677059000,1679312418000,400632,pendiente,emitido
634,49,266,7211215,6675195,202467.61,1684652736000,1689680829000,400633,rechazado,depositado
635,71,287,3598190,4771195,440371.74,1692142057000,1666896264000,400634,rechazado,depositado
636,100,173,7253561,5884376,302898.18,1680480290000,1686924439000,400635,aprobado,emitido
637,57,32,6952029,696059,162084.75,1686513645000,1668967936000,400636,rechazado,depositado
638,30,122,2546361,683138,36050.35,1675913209000,1687459921000,400637,rechazado,depositado
639,64,164,5449352,5365254,395650.26,1675693445000,1681737339000,400638,rechazado,depositado
640,47,148,288340,897859,371670.56,1665006325000,1687490578000,400639,pendiente,emitido
641,17,27,5451204,4453213,255687.42,1674480768000,1685742128000,400640,pendiente,emitido
642,94,175,3914823,4732970,225089.29,1684961077000,1676250505000,400641,aprobado,emitido
643,52,24,1724718,3366575,98471.75,1667552790000,1664746830000,400642,pendiente,emitido
644,74,139,5557661,4651621,492284.47,1685292624000,1671405266000,400643,pendiente,emitido
645,80,167,7226640,3799281,255840.27,1672027582000,1665983869000,400644,pendiente,emitido
646,86,166,4006485,4512003,240954.71,1679065956000,1687733232000,400645,pendiente,emitido
647,13,95,3729297,7072845,209285.29,1669639598000,1694044282000,400646,rechazado,emitido
648,35,251,3313784,4383132,363810.62,1677671876000,1692958017000,400647,aprobado,depositado
649,62,36,6208794,615673,160363.62,1689551707000,1679385163000,400648,aprobado,emitido
650,45,300,7407599,3876387,414807.37,1695575628000,1669149989000,400649,aprobado,depositado
651,59,136,2184102,3986957,444740.01,1682120206000,1678735453000,400650,rechazado,depositado
652,18,5,806166,7850921,28418.44,1694137123000,1694521030000,400651,rechazado,depositado
653,39,69,498774,3600326,424895.08,1671869917000,1688945731000,400652,rechazado,emitido
654,18,129,1652858,596973,454566.61,1676000284000,1682930032000,400653,rechazado,depositado
655,62,249,2651163,3869354,199673.65,1685504401000,1691525345000,400654,aprobado,emitido
656,50,123,7183747,5935657,314252.57,1688484862000,1680300311000,400655,aprobado,depositado
657,39,34,721442,847830,3345.16,1695576149000,1681749092000,400656,aprobado,emitido
658,73,158,5181744,3839910,111880.29,1690258867000,1693966826000,400657,aprobado,emitido
659,26,234,7939928,4212669,395762.81,1672441776000,1668764762000,400658,pendiente,depositado
660,92,42,7469846,6280814,119263.73,1669325823000,1679122004000,400659,rechazado,depositado
661,74,180,3949914,5521874,322011.83,1677925283000,1671977254000,400660,rechazado,depositado
662,91,61,6528146,5161100,267644.98,1685030455000,1672196863000,400661,pendiente,emitido
663,22,266,2634619,2581261,401204.27,1688791482000,1672394018000,400662,rechazado,depositado
664,42,70,2818723,3010675,319660.22,1689864851000,1670580539000,400663,rechazado,depositado
665,57,40,7342109,689973,307483.49,1686062109000,1686567553000,400664,pendiente,depositado
666,62,248,1263992,394431,53108.1,1682164878000,1693894203000,400665,aprobado,depositado
667,84,150,2049682,5538663,166971.42,1675371005000,1691682116000,400666,rechazado,emitido
668,89,92,769362,1738371,278781.28,1692211195000,1687266288000,400667,aprobado,depositado
669,96,214,7003901,7336197,70223.23,1685312011000,1693436433000,400668,aprobado,depositado
670,8,272,2416649,1108114,382051.61,1690058468000,1691104160000,400669,pendiente,emitido
671,49,288,5064660,4724420,319279.43,1693373627000,1681070767000,400670,pendiente,emitido
672,46,190,718617,7767728,168654.76,1678061831000,1667706004000,400671,pendiente,depositado
673,45,81,6632784,902414,499595.35,1695285243000,1695293020000,400672,rechazado,depositado
674,8,51,6284597,2292325,8093.29,1677576424000,1683234407000,400673,pendiente,depositado
675,17,215,7725490,785834,409372.26,1679841243000,1678620703000,400674,rechazado,depositado
676,33,73,3309177,7520251,47365.36,1671434393000,1679752803000,400675,pendiente,depositado
677,91,247,1381258,1538380,108745.74,1669799839000,1669841293000,400676,aprobado,emitido
678,18,212,4654003,2282864,215476.77,1682214174000,1674948806000,400677,rechazado,depositado
679,83,216,2694721,3700961,371259.26,1668761348000,1673935672000,400678,pendiente,emitido
680,74,69,4584281,2501363,389928.48,1679179487000,1674067114000,400679,rechazado,emitido
681,86,33,2220019,4510219,382275.41,1667957763000,1679323641000,400680,pendiente,emitido
682,81,224,2320522,1683326,166769.07,1669049348000,1682734565000,400681,pendiente,depositado
683,34,3,3971744,3939308,355239.91,1673653386000,1687560273000,400682,rechazado,depositado
684,60,146,2095276,6559273,312458.56,1673725301000,1681570716000,400683,aprobado,depositado
685,28,251,4182626,612373,100714.38,1671366498000,1668344097000,400684,rechazado,depositado
686,60,246,3238905,645923,128529.72,1693384834000,1687027466000,400685,aprobado,emitido
687,45,126,1177921,935431,13844.01,1675396299000,1676559398000,400686,pendiente,depositado
688,100,122,7469503,1712868,249087.74,1683633586000,1682724385000,400687,pendiente,depositado
689,60,66,2827849,4857145,391682.45,1689431127000,1682620455000,400688,pendiente,depositado
690,64,54,428333,3479389,324618.6,1664866783000,1668867396000,400689,aprobado,depositado
691,80,279,3383988,485921,475989.07,1686636137000,1686358190000,400690,rechazado,depositado
692,81,287,5252573,6799943,288806.76,1692461673000,1677818605000,400691,rechazado,depositado
693,34,156,6665852,1758657,45300.92,1686001487000,1670662437000,400692,aprobado,depositado
694,15,115,3457899,7116788,125254.97,1673914506000,1675319539000,400693,pendiente,depositado
695,70,113,7254545,2369255,331513.11,1668226903000,1687737023000,400694,rechazado,emitido
696,72,155,4075952,6470235,30481.4,1682258571000,1666306994000,400695,pendiente,emitido
697,78,199,7288435,7376908,221061.45,1692886501000,1678153671000,400696,aprobado,depositado
698,35,266,2033323,4178040,498960.58,1680490904000,1676236661000,400697,rechazado,emitido
699,43,131,1998474,4508023,216924.43,1682009591000,1676496446000,400698,rechazado,emitido
700,57,132,4848274,948648,260675.43,1672379714000,1685751350000,400699,rechazado,depositado
701,25,204,4278580,848048,3281.76,1684779754000,1686710259000,400700,rechazado,emitido
702,85,146,5848992,3213136,375366.82,1673593101000,1676500859000,400701,rechazado,emitido
703,83,106,4742860,6171668,1083.33,1669437915000,1692533508000,400702,rechazado,depositado
704,51,11,108377,1284081,157493.4,1691693251000,1668667502000,400703,pendiente,emitido
705,89,109,1270636,3943851,151319.62,1665028689000,1669070101000,400704,rechazado,emitido
706,84,101,703029,832059,291688.6,1689439520000,1685547787000,400705,pendiente,emitido
707,22,258,2566719,865542,61535.64,1674028457000,1681410279000,400706,pendiente,depositado
708,24,136,4761391,4561733,10842.98,1692904416000,1676878085000,400707,aprobado,depositado
709,96,150,593350,2941078,200685.64,1677250386000,1677213857000,400708,pendiente,depositado
710,75,251,4878474,4344977,486901.21,1666680585000,1689359381000,400709,aprobado,emitido
711,30,228,2282094,3492377,467002.54,1679015302000,1679699534000,400710,rechazado,depositado
712,75,110,6348572,6071666,440068.41,1666264124000,1669106017000,400711,pendiente,depositado
713,34,49,2814032,1293943,316595.38,1667169180000,1681070456000,400712,rechazado,emitido
714,6,136,5688812,4556601,380831.45,1679576250000,1672914631000,400713,rechazado,depositado
715,8,82,2805741,349141,37942.79,1677614267000,1672572650000,400714,rechazado,emitido
716,94,183,7269247,2619905,463578.13,1676187902000,1666799035000,400715,aprobado,depositado
717,39,213,2500316,69797,391405.63,1676157204000,1684085034000,400716,aprobado,depositado
718,90,258,5831609,1617978,119680.85,1685663086000,1667069091000,400717,rechazado,emitido
719,100,27,6334061,391067,256336.64,1668384852000,1682645252000,400718,pendiente,emitido
720,3,85,1081793,5303857,209292.84,1671106962000,1682090221000,400719,rechazado,depositado
721,9,112,4380520,1370080,279921.79,1666119552000,1687273517000,400720,pendiente,emitido
722,40,51,460533,5972064,476528.26,1679368500000,1666812192000,400721,rechazado,depositado
723,15,139,1747573,6691140,457392.53,1687055642000,1685970468000,400722,pendiente,emitido
724,27,171,6185718,346651,185088.31,1679521032000,1674258213000,400723,pendiente,depositado
725,28,161,7069811,3363057,78385.63,1687234968000,1688901561000,400724,aprobado,depositado
726,16,197,7052913,1504181,224280.52,1691177478000,1675607155000,400725,aprobado,emitido
727,2,219,7711588,6233110,254620.07,1680568434000,1694016181000,400726,aprobado,emitido
728,84,8,2669666,2711035,184588.52,1684498985000,1681060519000,400727,aprobado,depositado
729,98,151,1699076,2522796,119266.69,1672325126000,1683550348000,400728,aprobado,depositado
730,75,77,2482378,7865482,44228.33,1689386812000,1684698602000,400729,aprobado,emitido
731,52,295,5977502,6365915,347293.68,1675313995000,1690725129000,400730,rechazado,depositado
732,43,3,1848813,5665861,290117.33,1690856767000,1682105157000,400731,pendiente,depositado
733,69,45,410984,3159953,418028.78,1677984558000,1695108084000,400732,aprobado,depositado
734,48,92,3837851,2460562,395301.44,1684678238000,1668420653000,400733,pendiente,emitido
735,66,295,6704252,5473578,344532.78,1678721764000,1675616279000,400734,rechazado,emitido
736,41,135,3991444,1738040,395444.73,1666346720000,1688272982000,400735,pendiente,depositado
737,33,242,5191319,967473,175367.76,1684219399000,1682257270000,400736,rechazado,emitido
738,88,278,147569,2745923,268897.29,1680129337000,1670597825000,400737,aprobado,emitido
739,34,206,219445,3015968,90727.78,1666507763000,1679049117000,400738,rechazado,depositado
740,46,139,402464,1641267,22464.0,1667843952000,1680258182000,400739,aprobado,emitido
741,69,149,5787617,3127358,103917.68,1673574120000,1685674992000,400740,pendiente,emitido
742,3,213,3332421,55485,232694.14,1667151691000,1688003763000,400741,aprobado,depositado
743,59,65,4126300,5847520,208999.6,1682814152000,1689230170000,400742,aprobado,emitido
744,31,73,3549724,1863301,274696.86,1689273378000,1680338722000,400743,pendiente,depositado
745,96,31,6058417,1481842,177800.73,1684821125000,1682154315000,400744,rechazado,emitido
746,14,220,4932392,4394888,201101.36,1675013831000,1688032189000,400745,aprobado,emitido
747,15,229,603291,3882532,208878.94,1665777424000,1670639657000,400746,rechazado,depositado
748,77,108,2563646,7988703,39541.92,1673522041000,1681668886000,400747,aprobado,emitido
749,13,95,7190751,3223207,397907.67,1688627454000,1687063897000,400748,pendiente,depositado
750,44,166,7691266,7360755,274926.21,1673101321000,1679070686000,400749,rechazado,emitido
751,16,164,5907377,7574822,239835.79,1673187528000,1669508185000,400750,rechazado,emitido
752,33,299,3372932,5028314,406902.92,1676089046000,1684738206000,400751,aprobado,depositado
753,75,268,4330290,4528836,421512.62,1673822909000,1673183988000,400752,pendiente,emitido
754,11,99,1189021,5082969,220176.21,1690583124000,1680128671000,400753,rechazado,depositado
755,71,124,726862,2558854,36453.58,1668707197000,1684312691000,400754,pendiente,depositado
756,46,139,331524,1973979,439665.44,1669595738000,1681031864000,400755,pendiente,emitido
757,97,90,6250404,7217162,358547.95,1671200515000,1679618828000,400756,pendiente,depositado
758,37,262,5212294,1875029,53628.35,1669363945000,1681111121000,400757,pendiente,emitido
759,77,110,196924,158031,273231.57,1687696739000,1668091344000,400758,rechazado,emitido
760,46,166,6625254,7683616,157740.89,1693510384000,1681088737000,400759,rechazado,depositado
761,77,245,650069,3566267,259708.94,1680890034000,1666089909000,400760,aprobado,depositado
762,50,201,6106228,4669890,138119.48,1688284186000,1694642185000,400761,rechazado,depositado
763,44,280,4563108,3858183,105409.74,1682932505000,1671690871000,400762,aprobado,depositado
764,81,210,16389,2674906,478655.41,1685850011000,1682567638000,400763,pendiente,emitido
765,36,231,251172,255405,372655.57,1680410997000,1689038861000,400764,rechazado,emitido
766,53,24,6198329,3254998,420265.2,1687631966000,1684216553000,400765,pendiente,emitido
767,58,212,1371428,6867021,250021.01,1688130330000,1687488154000,400766,pendiente,depositado
768,66,245,7976779,3668333,386748.21,1665483712000,1667895446000,400767,pendiente,emitido
769,60,8,136719,2785950,317400.24,1679155106000,1694483257000,400768,rechazado,emitido
770,37,36,3172482,3146323,256608.1,1672661258000,1685115533000,400769,aprobado,depositado
771,57,21,5978424,5763319,213358.47,1692114742000,1681719566000,400770,rechazado,emitido
772,82,254,3747731,357450,44277.32,1668781465000,1678661161000,400771,rechazado,emitido
773,41,66,1854220,3616079,460068.26,1694418105000,1672654460000,400772,pendiente,emitido
774,84,145,6445901,6744946,127822.68,1679433322000,1676560304000,400773,pendiente,emitido
775,24,136,7577072,6216017,297515.94,1687699679000,1689903257000,400774,aprobado,emitido
776,51,154,2370516,938007,275805.87,1670063897000,1665953370000,400775,rechazado,emitido
777,34,191,396553,5075072,456487.0,1679328778000,1672555373000,400776,aprobado,emitido
778,55,289,4358323,602461,84690.06,1668060483000,1685947822000,400777,rechazado,emitido
779,95,9,757089,6003008,89380.33,1664497477000,1672958634000,400778,rechazado,depositado
780,62,272,7725078,557834,485327.21,1668086802000,1679009016000,400779,rechazado,depositado
781,73,224,3738273,2584186,245004.38,1694409275000,1693584301000,400780,pendiente,depositado
782,5,117,4947345,7717702,38018.26,1676217307000,1692057580000,400781,rechazado,emitido
783,5,91,6214396,4755911,165595.34,1683789058000,1664159734000,400782,aprobado,emitido
784,99,294,6903196,1038949,303293.07,1670424358000,1673221838000,400783,aprobado,depositado
785,57,178,3178587,5244167,437551.25,1694765455000,1688928343000,400784,pendiente,emitido
786,15,200,264861,4644417,358869.77,1676710696000,1688905649000,400785,rechazado,emitido
787,39,292,1558233,4329812,9321.48,1664403791000,1680361546000,400786,pendiente,emitido
788,56,93,5495839,7854791,67568.34,1668286510000,1667796503000,400787,rechazado,emitido
789,66,254,2237623,3112734,203060.79,1679106060000,1690551411000,400788,rechazado,depositado
790,84,243,5362699,5892639,479304.78,1669509657000,1665220441000,400789,rechazado,emitido
791,30,206,1107222,666523,334017.58,1689473976000,1665937800000,400790,aprobado,emitido
792,50,55,5391258,2100551,137490.99,1683573499000,1672762490000,400791,rechazado,emitido
793,17,43,6839516,4667891,405405.1,1684528802000,1672844431000,400792,aprobado,emitido
794,85,228,2362579,2196074,380036.0,1672869421000,1679788771000,400793,rechazado,emitido
795,25,141,3980239,2758732,169985.18,1688576923000,1690993727000,400794,pendiente,emitido
796,70,176,7215368,5704402,37681.03,1665725657000,1672719888000,400795,pendiente,depositado
797,3,242,1078626,3456570,484288.01,1690330440000,1691022326000,400796,rechazado,emitido
798,39,289,96888,7669725,238513.53,1692116509000,1669810498000,400797,aprobado,depositado
799,61,122,2022822,6626998,259133.59,1667055020000,1672141882000,400798,pendiente,emitido
800,52,152,6917690,945501,311164.87,1678220941000,1680043440000,400799,rechazado,emitido
801,75,213,7812829,2606384,344634.59,1669005889000,1674329914000,400800,aprobado,emitido
802,49,12,266120,1052675,121188.38,1674822711000,1668093499000,400801,pendiente,emitido
803,81,286,2419374,242127,180196.31,1688906414000,1679947469000,400802,rechazado,depositado
804,55,21,4051256,3341664,137757.83,1684424768000,1680147315000,400803,rechazado,depositado
805,60,28,1625467,5521847,465674.27,1676590778000,1674733840000,400804,pendiente,emitido
806,12,236,1622245,531885,489426.35,1686835743000,1690660498000,400805,aprobado,depositado
807,34,273,232874,6536998,469630.46,1671669936000,1691227910000,400806,rechazado,depositado
808,23,128,4040661,4471709,258374.24,1681440236000,1671138376000,400807,rechazado,emitido
809,94,113,7380812,7552816,301915.74,1666400054000,1671932984000,400808,rechazado,emitido
810,92,200,5491119,5766833,344512.13,1671586131000,1667497737000,400809,aprobado,emitido
811,23,38,5846835,3811298,151986.97,1684934459000,1670575435000,400810,aprobado,emitido
812,87,98,4290833,5857031,465300.98,1671882253000,1693040696000,400811,rechazado,emitido
813,41,42,7939759,1632106,219028.12,1664313825000,1677916214000,400812,pendiente,emitido
814,51,228,7837314,1801517,402596.05,1669682735000,1671164911000,400813,aprobado,depositado
815,54,100,2527844,4620020,300285.1,1677228532000,1680083171000,400814,aprobado,depositado
816,28,90,6562462,4915260,459294.18,1691787888000,1670475739000,400815,aprobado,emitido
817,26,114,6231782,3167108,37871.09,1688574013000,1683976712000,400816,rechazado,depositado
818,63,286,2161254,6618189,309403.71,1693109849000,1679517523000,400817,rechazado,depositado
819,45,286,2412107,3298685,265895.94,1671492599000,1679013628000,400818,aprobado,depositado
820,5,119,1753622,1391594,330836.36,1669054799000,1685836637000,400819,aprobado,depositado
821,97,74,1791830,7872761,147038.47,1674462987000,1690073756000,400820,pendiente,emitido
822,83,164,3173112,6645497,497183.69,1677338352000,1676745698000,400821,pendiente,emitido
823,94,169,5331705,7047197,101949.73,1684976135000,1677442058000,400822,aprobado,emitido
824,66,163,6733991,2557099,30897.55,1666911913000,1673412189000,400823,aprobado,depositado
825,73,249,7016110,1236497,137642.77,1676403672000,1668800768000,400824,pendiente,emitido
826,17,158,2238556,6439138,306186.78,1683334003000,1686561965000,400825,aprobado,depositado
827,27,140,1146076,6141352,175767.93,1669290187000,1670951168000,400826,aprobado,depositado
828,51,78,329427,5414347,299634.78,1670617483000,1680269206000,400827,pendiente,depositado
829,22,170,3478483,3365813,79109.53,1686314746000,1680097327000,400828,pendiente,depositado
830,59,287,1044826,2483975,184565.06,1675622666000,1686169331000,400829,rechazado,depositado
831,34,189,6021291,5621027,337609.03,1678967928000,1677164217000,400830,aprobado,emitido
832,8,142,2634701,3292088,428347.09,1672096407000,1666600255000,400831,rechazado,depositado
833,16,157,3295137,7995662,407813.83,1676824318000,1667881233000,400832,rechazado,depositado
834,63,198,6858358,290992,409254.36,1668439528000,1671327075000,400833,pendiente,emitido
835,20,78,2535672,3597870,114743.64,1683805782000,1690811977000,400834,pendiente,depositado
836,11,291,2147798,7253155,474842.79,1673552234000,1678541468000,400835,pendiente,emitido
837,86,299,6525007,79193,235078.42,1695331706000,1664524776000,400836,rechazado,depositado
838,30,259,238912,7239131,444560.03,1673683271000,1685501231000,400837,rechazado,depositado
839,43,296,7826827,7507710,393164.12,1681161456000,1687176285000,400838,rechazado,depositado
840,11,239,2871523,4980532,220888.92,1680740846000,1666597668000,400839,rechazado,emitido
841,94,184,5865717,2126679,35574.73,1693737185000,1694192394000,400840,rechazado,emitido
842,26,35,7295838,5991302,99361.09,1681366760000,1679375199000,400841,rechazado,depositado
843,97,296,6526280,7446643,58618.44,1670088226000,1672619548000,400842,aprobado,emitido
844,65,31,5866996,4926750,42394.29,1664422016000,1689265159000,400843,aprobado,depositado
845,93,189,5562102,6115610,166244.64,1691739831000,1679621604000,400844,pendiente,depositado
846,92,197,6476596,7855786,473266.69,1677765687000,1691186057000,400845,pendiente,depositado
847,18,272,606055,7089336,433988.68,1687130217000,1692435367000,400846,aprobado,emitido
848,74,123,2448828,4455737,210055.55,1691624465000,1679840738000,400847,aprobado,depositado
849,49,72,866877,3294421,57976.83,1680064275000,1678401900000,400848,rechazado,emitido
850,21,130,4786845,1739784,121658.46,1687433303000,1695017654000,400849,pendiente,emitido
851,97,169,3690695,1701392,316493.6,1671245478000,1671359739000,400850,rechazado,depositado
852,37,27,4336498,7255261,308695.36,1692186848000,1689390821000,400851,rechazado,depositado
853,31,244,6916272,2086941,25503.59,1668013010000,1679730776000,400852,aprobado,depositado
854,57,273,2574151,2664240,9392.69,1676250181000,1689354123000,400853,pendiente,depositado
855,43,159,5026069,6973419,499512.57,1673289893000,1671481022000,400854,aprobado,emitido
856,62,231,3514068,6365452,365303.36,1678683465000,1681796787000,400855,pendiente,emitido
857,83,131,7763949,2900435,338783.56,1686793276000,1681392505000,400856,rechazado,depositado
858,96,247,3389765,2639817,213399.86,1690239975000,1677870119000,400857,pendiente,emitido
859,29,170,3337213,950386,200672.66,1665432794000,1678499661000,400858,aprobado,emitido
860,16,287,190768,7247202,4644.97,1682654917000,1677351114000,400859,rechazado,emitido
861,77,83,5050854,372299,67859.48,1677348315000,1681209001000,400860,rechazado,depositado
862,74,210,2372672,5589018,238257.95,1686773960000,1682723446000,400861,rechazado,depositado
863,23,248,6807285,4062491,291049.74,1683012156000,1677838506000,400862,aprobado,depositado
864,8,144,3591007,1189281,257319.73,1681234158000,1694686324000,400863,aprobado,emitido
865,52,24,5352650,4471288,36763.78,1665663743000,1674870471000,400864,rechazado,depositado
866,83,243,5244578,4245911,10423.19,1683333499000,1690981090000,400865,rechazado,emitido
867,26,226,7215753,4469317,110219.27,1677045484000,1667135544000,400866,pendiente,emitido
868,90,2,4537387,7390317,478577.16,1667616822000,1684220227000,400867,pendiente,depositado
869,44,132,6225670,3788897,31330.85,1667771118000,1680802431000,400868,rechazado,emitido
870,12,68,4482704,5892711,144324.77,1683016005000,1665207659000,400869,pendiente,depositado
871,17,221,2431727,7948696,34986.97,1686447378000,1686752277000,400870,aprobado,emitido
872,75,170,6388259,1966020,335250.09,1679706539000,1688782916000,400871,aprobado,depositado
873,57,191,7139868,1087058,121078.19,1681921350000,1670295020000,400872,aprobado,depositado
874,27,14,3611640,2305211,375585.44,1664571309000,1690540898000,400873,aprobado,depositado
875,70,258,7177304,1673091,423039.9,1674009888000,1693533243000,400874,pendiente,emitido
876,60,266,821467,7376565,317312.73,1686618724000,1684659655000,400875,pendiente,emitido
877,55,209,3239982,1375166,217374.74,1669581367000,1666151061000,400876,aprobado,emitido
878,47,67,3100190,2834810,73811.91,1686950176000,1673465230000,400877,pendiente,emitido
879,18,207,5824465,923245,95318.68,1683102081000,1675888580000,400878,rechazado,depositado
880,88,291,4082263,803794,352769.38,1695503524000,1679255666000,400879,pendiente,depositado
881,15,11,942379,7686396,344640.0,1671935726000,1679641002000,400880,rechazado,depositado
882,74,52,1699593,5618846,373205.07,1691207417000,1666208373000,400881,rechazado,emitido
883,66,84,1341628,7369777,358707.74,1688400421000,1668332380000,400882,pendiente,depositado
884,88,204,6117279,4067188,3126.76,1664336838000,1683532826000,400883,rechazado,depositado
885,65,48,656630,6305835,51772.51,1668174594000,1673134855000,400884,aprobado,emitido
886,10,87,2466364,4750409,17829.23,1685461120000,1692781035000,400885,pendiente,emitido
887,60,140,1271498,1185555,140234.34,1682585468000,1691883831000,400886,pendiente,depositado
888,99,280,7610481,5535281,226027.6,1685203630000,1689284963000,400887,rechazado,emitido
889,14,280,7066171,624009,305664.04,1676366829000,1681795749000,400888,rechazado,depositado
890,57,205,2671107,4810278,414646.79,1677195166000,1668387709000,400889,aprobado,emitido
891,37,129,3422918,2433244,246666.22,1682407578000,1690917007000,400890,rechazado,emitido
892,7,47,6779354,980728,117427.36,1682735443000,1666372760000,400891,pendiente,depositado
893,69,35,3731195,7496792,134180.46,1671199673000,1671500370000,400892,rechazado,depositado
894,1,157,7881430,7808981,354780.49,1677705559000,1689089626000,400893,pendiente,emitido
895,65,85,4748875,4853532,316398.41,1676228922000,1688176415000,400894,rechazado,depositado
896,96,135,4670993,2745210,23462.31,1666058844000,1676327487000,400895,pendiente,emitido
897,46,71,6296440,4262379,462533.32,1680222069000,1684841902000,400896,rechazado,emitido
898,6,91,3884205,1448000,32382.26,1692233087000,1669770658000,400897,aprobado,depositado
899,75,224,4486588,7331513,150446.02,1671799738000,1672254982000,400898,aprobado,depositado
900,92,208,7500805,4647981,300716.96,1692479241000,1679443465000,400899,rechazado,depositado
901,3,119,5697247,6719594,482009.14,1665950519000,1689396563000,400900,pendiente,emitido
902,59,291,5086398,1665089,472996.78,1666623405000,1679279424000,400901,rechazado,depositado
903,18,13,884110,916503,91516.66,1688529734000,1686567838000,400902,pendiente,depositado
904,98,23,6605107,1460948,294105.8,1676411204000,1667918956000,400903,rechazado,depositado
905,13,235,323901,1181892,64425.44,1685513078000,1686635389000,400904,aprobado,emitido
906,53,151,7139672,2434662,122422.66,1694210185000,1671055670000,400905,rechazado,emitido
907,77,289,2882735,7474014,415233.6,1673205196000,1692736968000,400906,rechazado,depositado
908,81,109,3495769,4057584,199278.03,1677860183000,1668381364000,400907,aprobado,emitido
909,31,202,3648712,2296984,112714.45,1671929290000,1677448070000,400908,pendiente,depositado
910,3,4,1596649,4684921,461448.78,1675461116000,1674120467000,400909,aprobado,emitido
911,56,222,7600221,1183428,41742.0,1680747894000,1685761900000,400910,rechazado,depositado
912,72,71,2538912,5111978,497767.2,1664947381000,1690923601000,400911,rechazado,depositado
913,35,250,4393926,3937104,260908.61,1676354229000,1671559175000,400912,aprobado,depositado
914,79,17,5167724,5451097,45269.77,1684139780000,1679941517000,400913,pendiente,depositado
915,95,105,3234529,4818827,376543.8,1670170650000,1688866140000,400914,pendiente,depositado
916,78,156,183910,216349,375237.06,1683335028000,1693222004000,400915,rechazado,depositado
917,74,142,3074400,2052961,443195.6,1677151511000,1687363867000,400916,rechazado,emitido
918,12,171,2282566,1236178,476043.44,1672286775000,1670093590000,400917,rechazado,depositado
919,27,220,1260899,1227531,353292.21,1692375449000,1694989870000,400918,pendiente,emitido
920,72,176,4874046,3384380,307487.58,1690898643000,1673461173000,400919,pendiente,emitido
921,26,47,6985193,1536937,101772.97,1676048585000,1680089435000,400920,aprobado,emitido
922,21,94,6927119,3098152,489867.77,1667508402000,1665521970000,400921,rechazado,emitido
923,54,282,399455,3324709,203204.87,1674633760000,1667361890000,400922,rechazado,emitido
924,29,40,6545603,1329792,348221.08,1693788820000,1690378749000,400923,rechazado,depositado
925,37,51,1712240,2339120,295774.91,1688466059000,1692612308000,400924,aprobado,depositado
926,60,235,7365277,7374061,367375.72,1674749289000,1686908616000,400925,pendiente,depositado
927,35,271,326714,2208128,273435.62,1686283444000,1673532936000,400926,rechazado,depositado
928,50,271,4600601,290004,121494.93,1694517911000,1669188030000,400927,pendiente,emitido
929,69,147,5173260,4526393,8374.71,1668988992000,1676622265000,400928,pendiente,emitido
930,40,207,3629526,614623,360915.0,1672838531000,1675398906000,400929,pendiente,depositado
931,66,73,2172968,2602153,150229.0,1674316739000,1666810258000,400930,rechazado,emitido
932,43,54,1576674,1139426,330712.29,1684163841000,1693603776000,400931,pendiente,emitido
933,82,146,2525454,2748146,155119.31,1684500807000,1667596887000,400932,rechazado,emitido
934,49,181,2660874,6030981,229209.22,1676777151000,1691012419000,400933,rechazado,depositado
935,18,271,5319411,2435644,264255.76,1694524863000,1682945905000,400934,rechazado,emitido
936,20,84,701537,4834359,218648.06,1692870378000,1677218554000,400935,pendiente,depositado
937,89,162,1400643,2559606,181344.0,1695421160000,1679595599000,400936,rechazado,depositado
938,96,222,436002,6416851,59431.61,1676944265000,1688980232000,400937,rechazado,depositado
939,84,275,351828,6266436,282808.73,1686627254000,1680547948000,400938,rechazado,depositado
940,100,28,6570235,1186720,459344.89,1692705243000,1677944146000,400939,pendiente,depositado
941,65,12,1722223,643909,171519.29,1689836309000,1674848152000,400940,rechazado,emitido
942,98,130,6187612,1961144,330389.3,1686610840000,1681853239000,400941,pendiente,depositado
943,91,157,6399978,249928,274907.12,1692410326000,1676266304000,400942,pendiente,depositado
944,86,214,4207074,6083128,119460.34,1687122399000,1687372525000,400943,rechazado,depositado
945,92,286,1462430,5804130,271731.96,1689611277000,1665496749000,400944,rechazado,emitido
946,5,13,3364307,1914120,305965.08,1683708744000,1684587566000,400945,rechazado,emitido
947,98,2,2330430,5431732,263224.21,1677447169000,1686871004000,400946,pendiente,depositado
948,87,94,3869413,4467526,194623.02,1685419390000,1679659165000,400947,rechazado,depositado
949,56,123,2949216,2720439,110538.53,1680815277000,1667492187000,400948,rechazado,emitido
950,88,133,5771619,3303157,7049.04,1691296919000,1665277643000,400949,pendiente,depositado
951,8,269,7783836,7845678,498148.58,1677494415000,1693111026000,400950,rechazado,emitido
952,47,162,3584164,4310915,77580.48,1694889697000,1676238907000,400951,aprobado,depositado
953,21,102,7108402,114135,37598.85,1665597673000,1687971552000,400952,rechazado,emitido
954,58,105,1586951,1886828,418916.95,1665210791000,1666794660000,400953,aprobado,depositado
955,97,53,6265970,5555097,392575.82,1671897818000,1669289639000,400954,aprobado,depositado
956,97,90,1920119,5241655,27488.23,1681897083000,1673734261000,400955,aprobado,depositado
957,58,121,2939593,5231422,385488.51,1668591627000,1688324523000,400956,pendiente,emitido
958,34,182,6026610,2828458,181271.15,1670893555000,1691834563000,400957,pendiente,emitido
959,86,82,6358989,1618850,416497.35,1672144169000,1672217236000,400958,rechazado,depositado
960,78,251,2699116,1490103,26726.65,1686967114000,1677080363000,400959,aprobado,emitido
961,25,284,4141984,2990263,483572.38,1664274544000,1668313910000,400960,rechazado,depositado
962,8,122,7924675,5516806,280745.9,1679706503000,1672200629000,400961,pendiente,depositado
963,4,31,6375171,791326,372778.88,1680723804000,1678631689000,400962,aprobado,emitido
964,26,279,1888236,1122337,76781.15,1693131810000,1687550672000,400963,pendiente,depositado
965,93,233,2602989,2939246,387667.16,1668111899000,1670400771000,400964,pendiente,emitido
966,99,54,3659779,6767154,167986.38,1670014070000,1689766766000,400965,pendiente,depositado
967,43,273,6261138,5672970,40490.36,1690022487000,1667285292000,400966,pendiente,emitido
968,13,213,2646731,4151825,486338.47,1671069371000,1677152581000,400967,aprobado,emitido
969,60,187,3805432,6167763,196365.54,1693939154000,1679786180000,400968,pendiente,emitido
970,16,166,7193415,49434,72470.77,1672083001000,1692272768000,400969,rechazado,depositado
971,67,154,4954448,2758162,294163.88,1667241917000,1674197502000,400970,pendiente,depositado
972,45,44,3611882,5349321,382795.26,1694359132000,1688460451000,400971,rechazado,depositado
973,53,73,7170727,7477419,113790.17,1684670122000,1694463263000,400972,rechazado,depositado
974,100,173,5957283,7870733,121828.14,1676555933000,1686225877000,400973,aprobado,depositado
975,10,87,2931397,3429564,324299.53,1688470097000,1666693890000,400974,pendiente,depositado
976,74,36,2529215,7802799,431411.65,1676114835000,1692996054000,400975,aprobado,emitido
977,27,67,603251,5998500,204181.77,1683817727000,1670377252000,400976,aprobado,emitido
978,23,61,5982793,7147366,334886.49,1692245718000,1682221952000,400977,aprobado,emitido
979,76,108,3797194,3347389,407490.88,1667212527000,1681647717000,400978,aprobado,depositado
980,38,98,2450072,2002812,208978.05,1677407136000,1692362358000,400979,rechazado,depositado
981,95,106,3306308,6114022,362282.12,1680194609000,1689989046000,400980,pendiente,depositado
982,70,255,1001502,2317408,114729.3,1691763996000,1678214438000,400981,rechazado,depositado
983,40,7,3647182,6346206,480152.76,1695516756000,1694406618000,400982,aprobado,emitido
984,55,200,3271924,1484622,229711.9,1669966339000,1686933686000,400983,aprobado,depositado
985,92,232,3461401,4890676,130198.97,1694896249000,1669974182000,400984,rechazado,emitido
986,77,35,2662281,6872052,398291.37,1679669931000,1683063920000,400985,aprobado,emitido
987,69,250,7498705,4695587,223800.17,1685058378000,1672862839000,400986,aprobado,emitido
988,10,280,1035013,2789081,213257.74,1675640492000,1666442429000,400987,rechazado,depositado
989,8,37,2692243,681755,307902.48,1674535579000,1675798985000,400988,pendiente,emitido
990,48,180,3202577,3656453,374953.14,1694612573000,1665528365000,400989,rechazado,emitido
991,54,93,6348962,5420999,344124.04,1677107239000,1668454340000,400990,rechazado,depositado
992,95,117,5271487,6697301,364239.89,1688793849000,1665435325000,400991,pendiente,depositado
993,40,62,2109814,4846592,80577.04,1680408654000,1693893599000,400992,rechazado,emitido
994,30,80,6133027,927057,349689.71,1693623630000,1666609851000,400993,pendiente,emitido
995,85,34,4102862,4973865,348477.96,1671700161000,1682595799000,400994,rechazado,emitido
996,55,229,4676615,683645,133309.84,1664328343000,1683368161000,400995,aprobado,emitido
997,100,186,3944818,6093428,382692.59,1691231411000,1690202275000,400996,rechazado,emitido
998,71,114,3942453,7503907,76438.86,1681262975000,1676700642000,400997,aprobado,emitido
999,42,185,4414398,4125389,224673.85,1691471982000,1673660707000,400998,pendiente,emitido
1000,86,296,6568853,627711,29068.04,1678503701000,1664451856000,400999,pendiente,emitido
1001,20,212,7799287,3407354,496798.67,1677254849000,1695547656000,401000,pendiente,emitido
